Product ID,Category,Subcategory,Product Name
PROD335,Office Supplies,Storage,Storage Model 7250
PROD541,Technology,Accessories,Accessories Model 4037
PROD418,Technology,Phones,Phones Model 6822
PROD992,Technology,Laptops,Laptops Model 7104
PROD196,Technology,Accessories,Accessories Model 6377
PROD605,Furniture,Bookcases,Bookcases Model 6139
PROD757,Furniture,Tables,Tables Model 8490
PROD475,Technology,Printers,Printers Model 9426
PROD806,Furniture,Sofas,Sofas Model 7545
PROD495,Furniture,Tables,Tables Model 9593
PROD398,Office Supplies,Paper,Paper Model 8527
PROD828,Office Supplies,Pens,Pens Model 4714
PROD724,Technology,Printers,Printers Model 4958
PROD818,Office Supplies,Storage,Storage Model 1255
PROD454,Technology,Printers,Printers Model 5134
PROD639,Office Supplies,Paper,Paper Model 2371
PROD984,Technology,Accessories,Accessories Model 2045
PROD968,Furniture,Bookcases,Bookcases Model 4888
PROD323,Furniture,Tables,Tables Model 9007
PROD966,Technology,Printers,Printers Model 4105
PROD719,Furniture,Sofas,Sofas Model 7235
PROD195,Furniture,Sofas,Sofas Model 9617
PROD664,Furniture,Tables,Tables Model 9669
PROD383,Furniture,Chairs,Chairs Model 2741
PROD988,Furniture,Sofas,Sofas Model 2351
PROD213,Office Supplies,Paper,Paper Model 9009
PROD996,Technology,Accessories,Accessories Model 8509
PROD499,Office Supplies,Pens,Pens Model 9554
PROD266,Furniture,Tables,Tables Model 8574
PROD249,Furniture,Sofas,Sofas Model 6293
PROD394,Furniture,Tables,Tables Model 1090
PROD162,Technology,Phones,Phones Model 4612
PROD580,Office Supplies,Storage,Storage Model 4621
PROD989,Furniture,Chairs,Chairs Model 7083
PROD785,Technology,Printers,Printers Model 1799
PROD157,Furniture,Sofas,Sofas Model 5483
PROD985,Office Supplies,Storage,Storage Model 1404
PROD771,Office Supplies,Paper,Paper Model 3564
PROD624,Furniture,Bookcases,Bookcases Model 6027
PROD520,Office Supplies,Pens,Pens Model 5691
PROD777,Furniture,Tables,Tables Model 4710
PROD873,Furniture,Chairs,Chairs Model 3235
PROD364,Technology,Accessories,Accessories Model 7655
PROD296,Furniture,Sofas,Sofas Model 7552
PROD309,Technology,Accessories,Accessories Model 7911
PROD329,Office Supplies,Pens,Pens Model 7202
PROD722,Office Supplies,Paper,Paper Model 6578
PROD400,Furniture,Bookcases,Bookcases Model 8679
PROD882,Furniture,Tables,Tables Model 2531
PROD608,Technology,Laptops,Laptops Model 6258
PROD765,Office Supplies,Paper,Paper Model 6964
PROD906,Technology,Phones,Phones Model 5194
PROD728,Office Supplies,Pens,Pens Model 5569
PROD526,Furniture,Bookcases,Bookcases Model 7882
PROD939,Furniture,Sofas,Sofas Model 4398
PROD905,Technology,Laptops,Laptops Model 5997
PROD217,Office Supplies,Pens,Pens Model 8128
PROD877,Furniture,Tables,Tables Model 8824
PROD610,Furniture,Tables,Tables Model 3101
PROD628,Technology,Phones,Phones Model 4547
PROD353,Technology,Accessories,Accessories Model 9706
PROD744,Furniture,Tables,Tables Model 7190
PROD587,Office Supplies,Storage,Storage Model 1626
PROD190,Office Supplies,Binders,Binders Model 8686
PROD950,Office Supplies,Paper,Paper Model 2604
PROD509,Furniture,Chairs,Chairs Model 3249
PROD194,Furniture,Tables,Tables Model 5481
PROD359,Office Supplies,Binders,Binders Model 7197
PROD302,Office Supplies,Pens,Pens Model 9994
PROD107,Furniture,Chairs,Chairs Model 9371
PROD656,Technology,Laptops,Laptops Model 4435
PROD579,Technology,Phones,Phones Model 9179
PROD525,Office Supplies,Storage,Storage Model 3032
PROD282,Office Supplies,Pens,Pens Model 3412
PROD934,Technology,Phones,Phones Model 6366
PROD792,Technology,Accessories,Accessories Model 2934
PROD285,Furniture,Sofas,Sofas Model 4724
PROD136,Office Supplies,Storage,Storage Model 6666
PROD995,Technology,Printers,Printers Model 6917
PROD827,Technology,Accessories,Accessories Model 9066
PROD811,Furniture,Chairs,Chairs Model 6841
PROD751,Furniture,Bookcases,Bookcases Model 3135
PROD459,Furniture,Bookcases,Bookcases Model 5966
PROD919,Office Supplies,Binders,Binders Model 4642
PROD981,Technology,Phones,Phones Model 5278
PROD189,Office Supplies,Paper,Paper Model 1331
PROD803,Technology,Printers,Printers Model 7859
PROD290,Furniture,Sofas,Sofas Model 9148
PROD746,Furniture,Chairs,Chairs Model 3088
PROD197,Furniture,Tables,Tables Model 9405
PROD703,Furniture,Bookcases,Bookcases Model 8230
PROD176,Technology,Laptops,Laptops Model 8884
PROD370,Technology,Phones,Phones Model 3463
PROD423,Technology,Laptops,Laptops Model 5014
PROD243,Office Supplies,Pens,Pens Model 4186
PROD721,Furniture,Sofas,Sofas Model 6786
PROD586,Furniture,Bookcases,Bookcases Model 8225
PROD210,Technology,Accessories,Accessories Model 2747
PROD885,Office Supplies,Binders,Binders Model 9007
PROD583,Technology,Printers,Printers Model 1244
PROD416,Office Supplies,Pens,Pens Model 3931
PROD409,Office Supplies,Binders,Binders Model 7147
PROD415,Technology,Phones,Phones Model 5700
PROD551,Technology,Printers,Printers Model 1338
PROD837,Office Supplies,Pens,Pens Model 1015
PROD698,Office Supplies,Pens,Pens Model 9396
PROD474,Office Supplies,Pens,Pens Model 1280
PROD421,Furniture,Tables,Tables Model 7198
PROD334,Office Supplies,Paper,Paper Model 4999
PROD461,Office Supplies,Pens,Pens Model 9180
PROD711,Technology,Accessories,Accessories Model 1863
PROD918,Office Supplies,Paper,Paper Model 8907
PROD451,Technology,Laptops,Laptops Model 8316
PROD930,Office Supplies,Storage,Storage Model 5986
PROD216,Technology,Accessories,Accessories Model 8533
PROD444,Office Supplies,Binders,Binders Model 6967
PROD915,Technology,Phones,Phones Model 5886
PROD973,Technology,Printers,Printers Model 9673
PROD503,Office Supplies,Paper,Paper Model 3129
PROD429,Furniture,Tables,Tables Model 9289
PROD887,Technology,Laptops,Laptops Model 3359
PROD482,Furniture,Tables,Tables Model 7302
PROD173,Office Supplies,Binders,Binders Model 4271
PROD559,Technology,Printers,Printers Model 4240
PROD237,Furniture,Chairs,Chairs Model 9685
PROD629,Technology,Phones,Phones Model 2914
PROD684,Furniture,Chairs,Chairs Model 6748
PROD678,Office Supplies,Storage,Storage Model 8173
PROD581,Office Supplies,Pens,Pens Model 1221
PROD661,Office Supplies,Binders,Binders Model 6190
PROD365,Technology,Accessories,Accessories Model 9128
PROD622,Technology,Printers,Printers Model 6689
PROD769,Office Supplies,Pens,Pens Model 6976
PROD536,Technology,Phones,Phones Model 6367
PROD589,Technology,Accessories,Accessories Model 3679
PROD224,Technology,Phones,Phones Model 9492
PROD154,Furniture,Sofas,Sofas Model 4725
PROD132,Furniture,Tables,Tables Model 6939
PROD417,Furniture,Tables,Tables Model 7364
PROD627,Office Supplies,Storage,Storage Model 8615
PROD425,Technology,Phones,Phones Model 4643
PROD597,Technology,Accessories,Accessories Model 9860
PROD259,Furniture,Sofas,Sofas Model 3567
PROD114,Technology,Phones,Phones Model 6184
PROD946,Furniture,Tables,Tables Model 9313
PROD976,Furniture,Tables,Tables Model 9396
PROD313,Technology,Laptops,Laptops Model 6121
PROD238,Furniture,Chairs,Chairs Model 3267
PROD907,Furniture,Bookcases,Bookcases Model 8327
PROD874,Technology,Printers,Printers Model 2048
PROD264,Office Supplies,Binders,Binders Model 6975
PROD250,Furniture,Sofas,Sofas Model 7332
PROD929,Furniture,Sofas,Sofas Model 8235
PROD407,Furniture,Bookcases,Bookcases Model 9796
PROD262,Office Supplies,Pens,Pens Model 5617
PROD591,Furniture,Chairs,Chairs Model 3447
PROD675,Furniture,Chairs,Chairs Model 4467
PROD790,Furniture,Tables,Tables Model 7996
PROD350,Furniture,Sofas,Sofas Model 6673
PROD955,Furniture,Bookcases,Bookcases Model 3094
PROD878,Furniture,Tables,Tables Model 8806
PROD846,Office Supplies,Paper,Paper Model 8141
PROD813,Furniture,Bookcases,Bookcases Model 5109
PROD226,Office Supplies,Binders,Binders Model 7621
PROD553,Technology,Printers,Printers Model 6522
PROD388,Office Supplies,Paper,Paper Model 2653
PROD923,Technology,Laptops,Laptops Model 8074
PROD111,Office Supplies,Pens,Pens Model 9548
PROD963,Office Supplies,Pens,Pens Model 6204
PROD510,Office Supplies,Storage,Storage Model 1529
PROD129,Furniture,Chairs,Chairs Model 9334
PROD312,Technology,Phones,Phones Model 9386
PROD547,Furniture,Tables,Tables Model 6374
PROD169,Technology,Phones,Phones Model 7115
PROD841,Technology,Printers,Printers Model 4868
PROD914,Office Supplies,Pens,Pens Model 6657
PROD970,Office Supplies,Paper,Paper Model 3767
PROD612,Office Supplies,Binders,Binders Model 6470
PROD261,Furniture,Bookcases,Bookcases Model 7548
PROD158,Technology,Laptops,Laptops Model 9334
PROD103,Technology,Printers,Printers Model 7100
PROD742,Office Supplies,Pens,Pens Model 3120
PROD854,Furniture,Bookcases,Bookcases Model 1993
PROD625,Furniture,Bookcases,Bookcases Model 8603
PROD486,Technology,Accessories,Accessories Model 6205
PROD710,Technology,Accessories,Accessories Model 8450
PROD205,Office Supplies,Paper,Paper Model 4681
PROD804,Technology,Printers,Printers Model 5921
PROD949,Furniture,Chairs,Chairs Model 6020
PROD161,Technology,Phones,Phones Model 9661
PROD997,Technology,Phones,Phones Model 3741
PROD849,Furniture,Chairs,Chairs Model 3954
PROD229,Technology,Printers,Printers Model 7405
PROD557,Furniture,Tables,Tables Model 8519
PROD234,Technology,Phones,Phones Model 1727
PROD910,Furniture,Sofas,Sofas Model 5853
PROD155,Technology,Printers,Printers Model 4240
PROD740,Technology,Accessories,Accessories Model 5173
PROD214,Office Supplies,Binders,Binders Model 7125
PROD736,Office Supplies,Storage,Storage Model 4259
PROD242,Technology,Phones,Phones Model 9998
PROD696,Furniture,Chairs,Chairs Model 2375
PROD177,Furniture,Chairs,Chairs Model 7512
PROD200,Furniture,Sofas,Sofas Model 3598
PROD886,Technology,Printers,Printers Model 7669
PROD506,Technology,Phones,Phones Model 1577
PROD607,Office Supplies,Binders,Binders Model 7209
PROD341,Furniture,Sofas,Sofas Model 3669
PROD188,Technology,Phones,Phones Model 4111
PROD679,Technology,Accessories,Accessories Model 2535
PROD796,Office Supplies,Storage,Storage Model 9965
PROD327,Office Supplies,Binders,Binders Model 4393
PROD501,Office Supplies,Binders,Binders Model 8380
PROD593,Office Supplies,Pens,Pens Model 4078
PROD768,Furniture,Tables,Tables Model 9283
PROD783,Office Supplies,Paper,Paper Model 1822
PROD115,Technology,Laptops,Laptops Model 1742
PROD794,Furniture,Tables,Tables Model 8978
PROD519,Technology,Accessories,Accessories Model 2274
PROD892,Office Supplies,Paper,Paper Model 8491
PROD523,Technology,Printers,Printers Model 5430
PROD732,Technology,Accessories,Accessories Model 4644
PROD180,Furniture,Chairs,Chairs Model 2154
PROD507,Furniture,Chairs,Chairs Model 2116
PROD643,Office Supplies,Storage,Storage Model 8123
PROD360,Furniture,Sofas,Sofas Model 6516
PROD178,Technology,Printers,Printers Model 7402
PROD635,Furniture,Sofas,Sofas Model 7539
PROD941,Office Supplies,Storage,Storage Model 3727
PROD376,Technology,Accessories,Accessories Model 2511
PROD560,Office Supplies,Storage,Storage Model 2184
PROD255,Technology,Laptops,Laptops Model 7159
PROD644,Office Supplies,Binders,Binders Model 1050
PROD734,Furniture,Chairs,Chairs Model 1625
PROD342,Furniture,Sofas,Sofas Model 5609
PROD562,Furniture,Bookcases,Bookcases Model 9399
PROD288,Furniture,Bookcases,Bookcases Model 6492
PROD893,Furniture,Tables,Tables Model 5309
PROD137,Technology,Phones,Phones Model 9221
PROD300,Furniture,Bookcases,Bookcases Model 6313
PROD649,Technology,Printers,Printers Model 5223
PROD666,Office Supplies,Paper,Paper Model 2966
PROD138,Office Supplies,Storage,Storage Model 3341
PROD852,Furniture,Bookcases,Bookcases Model 9984
PROD426,Technology,Laptops,Laptops Model 9916
PROD712,Furniture,Sofas,Sofas Model 9685
PROD298,Office Supplies,Binders,Binders Model 6050
PROD434,Office Supplies,Pens,Pens Model 6266
PROD896,Technology,Printers,Printers Model 4554
PROD174,Office Supplies,Pens,Pens Model 5532
PROD191,Furniture,Chairs,Chairs Model 8190
PROD208,Furniture,Tables,Tables Model 9989
PROD805,Office Supplies,Pens,Pens Model 4027
PROD201,Furniture,Chairs,Chairs Model 7400
PROD504,Furniture,Chairs,Chairs Model 2543
PROD802,Office Supplies,Pens,Pens Model 4594
PROD203,Furniture,Sofas,Sofas Model 9712
PROD443,Furniture,Bookcases,Bookcases Model 5777
PROD816,Technology,Laptops,Laptops Model 7335
PROD637,Furniture,Bookcases,Bookcases Model 5377
PROD268,Technology,Printers,Printers Model 1563
PROD164,Office Supplies,Storage,Storage Model 4830
PROD663,Technology,Accessories,Accessories Model 5727
PROD766,Office Supplies,Paper,Paper Model 2682
PROD951,Furniture,Sofas,Sofas Model 9394
PROD358,Office Supplies,Storage,Storage Model 3293
PROD278,Office Supplies,Storage,Storage Model 7826
PROD697,Office Supplies,Pens,Pens Model 8845
PROD755,Office Supplies,Pens,Pens Model 1899
PROD861,Office Supplies,Paper,Paper Model 7887
PROD866,Office Supplies,Paper,Paper Model 1927
PROD655,Technology,Printers,Printers Model 4502
PROD650,Office Supplies,Storage,Storage Model 9638
PROD228,Office Supplies,Paper,Paper Model 1926
PROD480,Furniture,Bookcases,Bookcases Model 5727
PROD662,Furniture,Chairs,Chairs Model 3111
PROD808,Office Supplies,Pens,Pens Model 7865
PROD843,Furniture,Chairs,Chairs Model 8998
PROD139,Furniture,Tables,Tables Model 7732
PROD630,Technology,Accessories,Accessories Model 8970
PROD387,Office Supplies,Paper,Paper Model 6836
PROD676,Furniture,Sofas,Sofas Model 1533
PROD864,Office Supplies,Binders,Binders Model 6275
PROD378,Furniture,Sofas,Sofas Model 7117
PROD397,Technology,Printers,Printers Model 3303
PROD221,Technology,Accessories,Accessories Model 7843
PROD464,Office Supplies,Paper,Paper Model 7326
PROD834,Office Supplies,Paper,Paper Model 8049
PROD455,Furniture,Sofas,Sofas Model 1095
PROD500,Office Supplies,Pens,Pens Model 8671
PROD270,Office Supplies,Binders,Binders Model 7878
PROD343,Furniture,Chairs,Chairs Model 2584
PROD979,Office Supplies,Binders,Binders Model 1886
PROD645,Technology,Laptops,Laptops Model 2072
PROD502,Technology,Laptops,Laptops Model 5817
PROD572,Furniture,Sofas,Sofas Model 3535
PROD405,Technology,Laptops,Laptops Model 6678
PROD913,Furniture,Sofas,Sofas Model 3967
PROD797,Technology,Printers,Printers Model 2076
PROD692,Technology,Accessories,Accessories Model 6682
PROD558,Office Supplies,Binders,Binders Model 8658
PROD735,Technology,Accessories,Accessories Model 6676
PROD199,Technology,Accessories,Accessories Model 8912
PROD295,Office Supplies,Binders,Binders Model 1896
PROD236,Office Supplies,Paper,Paper Model 3716
PROD351,Office Supplies,Storage,Storage Model 8267
PROD338,Technology,Printers,Printers Model 9361
PROD825,Furniture,Tables,Tables Model 8579
PROD596,Office Supplies,Storage,Storage Model 1897
PROD817,Technology,Printers,Printers Model 2199
PROD674,Office Supplies,Binders,Binders Model 9054
PROD899,Office Supplies,Binders,Binders Model 5910
PROD786,Office Supplies,Binders,Binders Model 7967
PROD891,Furniture,Bookcases,Bookcases Model 9491
PROD716,Furniture,Chairs,Chairs Model 4136
PROD522,Furniture,Tables,Tables Model 6569
PROD241,Office Supplies,Binders,Binders Model 9813
PROD493,Furniture,Sofas,Sofas Model 2848
PROD317,Technology,Printers,Printers Model 7226
PROD677,Technology,Phones,Phones Model 5019
PROD140,Furniture,Sofas,Sofas Model 7710
PROD505,Technology,Accessories,Accessories Model 2615
PROD489,Furniture,Tables,Tables Model 4965
PROD767,Office Supplies,Paper,Paper Model 6156
PROD566,Furniture,Chairs,Chairs Model 2358
PROD876,Office Supplies,Paper,Paper Model 8020
PROD433,Technology,Printers,Printers Model 2494
PROD872,Furniture,Bookcases,Bookcases Model 3692
PROD130,Technology,Printers,Printers Model 6105
PROD292,Furniture,Tables,Tables Model 4997
PROD654,Furniture,Chairs,Chairs Model 9326
PROD223,Furniture,Chairs,Chairs Model 3472
PROD784,Furniture,Bookcases,Bookcases Model 9269
PROD573,Furniture,Sofas,Sofas Model 9423
PROD889,Technology,Printers,Printers Model 2941
PROD518,Furniture,Bookcases,Bookcases Model 4752
PROD490,Office Supplies,Storage,Storage Model 2649
PROD477,Office Supplies,Paper,Paper Model 8203
PROD634,Furniture,Chairs,Chairs Model 9564
PROD632,Technology,Accessories,Accessories Model 6395
PROD926,Office Supplies,Pens,Pens Model 4347
PROD280,Furniture,Sofas,Sofas Model 9246
PROD823,Technology,Printers,Printers Model 9140
PROD857,Technology,Accessories,Accessories Model 9838
PROD800,Furniture,Bookcases,Bookcases Model 7806
PROD574,Office Supplies,Pens,Pens Model 8040
PROD230,Technology,Printers,Printers Model 5779
PROD709,Technology,Accessories,Accessories Model 4837
PROD488,Furniture,Bookcases,Bookcases Model 3118
PROD617,Furniture,Bookcases,Bookcases Model 8650
PROD531,Technology,Phones,Phones Model 1682
PROD146,Technology,Printers,Printers Model 4886
PROD246,Technology,Phones,Phones Model 6021
PROD738,Technology,Accessories,Accessories Model 3841
PROD297,Furniture,Sofas,Sofas Model 8036
PROD252,Office Supplies,Binders,Binders Model 5549
PROD575,Technology,Printers,Printers Model 6113
PROD529,Office Supplies,Binders,Binders Model 5521
PROD357,Office Supplies,Pens,Pens Model 2702
PROD219,Technology,Laptops,Laptops Model 8357
PROD623,Technology,Printers,Printers Model 9660
PROD690,Technology,Laptops,Laptops Model 8994
PROD683,Office Supplies,Binders,Binders Model 8174
PROD743,Office Supplies,Binders,Binders Model 5385
PROD271,Technology,Accessories,Accessories Model 2744
PROD476,Technology,Accessories,Accessories Model 8440
PROD723,Furniture,Bookcases,Bookcases Model 4843
PROD517,Technology,Accessories,Accessories Model 8030
PROD450,Technology,Phones,Phones Model 9875
PROD149,Technology,Printers,Printers Model 3634
PROD283,Office Supplies,Pens,Pens Model 3974
PROD858,Furniture,Sofas,Sofas Model 3974
PROD151,Technology,Accessories,Accessories Model 5679
PROD209,Technology,Laptops,Laptops Model 8205
PROD831,Furniture,Sofas,Sofas Model 5342
PROD235,Furniture,Sofas,Sofas Model 6395
PROD983,Technology,Accessories,Accessories Model 3700
PROD936,Office Supplies,Pens,Pens Model 7435
PROD414,Technology,Printers,Printers Model 2770
PROD555,Furniture,Sofas,Sofas Model 7823
PROD789,Furniture,Bookcases,Bookcases Model 8575
PROD392,Technology,Phones,Phones Model 2667
PROD631,Office Supplies,Binders,Binders Model 7658
PROD601,Office Supplies,Storage,Storage Model 7333
PROD277,Furniture,Sofas,Sofas Model 7756
PROD693,Technology,Printers,Printers Model 9487
PROD109,Furniture,Sofas,Sofas Model 1382
PROD838,Technology,Laptops,Laptops Model 1450
PROD355,Office Supplies,Storage,Storage Model 4849
PROD867,Office Supplies,Storage,Storage Model 7019
PROD508,Furniture,Sofas,Sofas Model 4923
PROD427,Office Supplies,Binders,Binders Model 8539
PROD446,Furniture,Sofas,Sofas Model 1353
PROD395,Furniture,Sofas,Sofas Model 2997
PROD810,Furniture,Sofas,Sofas Model 9488
PROD404,Furniture,Tables,Tables Model 8221
PROD954,Furniture,Tables,Tables Model 4361
PROD527,Furniture,Tables,Tables Model 4614
PROD225,Technology,Accessories,Accessories Model 6585
PROD147,Furniture,Bookcases,Bookcases Model 1026
PROD192,Furniture,Chairs,Chairs Model 9939
PROD737,Technology,Accessories,Accessories Model 9400
PROD356,Furniture,Chairs,Chairs Model 2568
PROD167,Furniture,Sofas,Sofas Model 8254
PROD912,Office Supplies,Storage,Storage Model 2441
PROD731,Technology,Laptops,Laptops Model 9037
PROD653,Office Supplies,Paper,Paper Model 1850
PROD952,Furniture,Chairs,Chairs Model 3023
PROD449,Office Supplies,Storage,Storage Model 8038
PROD207,Office Supplies,Binders,Binders Model 3980
PROD406,Office Supplies,Storage,Storage Model 3837
PROD402,Furniture,Bookcases,Bookcases Model 5407
PROD232,Office Supplies,Pens,Pens Model 4606
PROD982,Technology,Phones,Phones Model 7328
PROD772,Furniture,Sofas,Sofas Model 8336
PROD337,Furniture,Sofas,Sofas Model 9769
PROD942,Furniture,Tables,Tables Model 1328
PROD657,Furniture,Sofas,Sofas Model 6119
PROD374,Office Supplies,Storage,Storage Model 5028
PROD554,Furniture,Tables,Tables Model 7355
PROD231,Furniture,Tables,Tables Model 4213
PROD118,Furniture,Tables,Tables Model 5266
PROD933,Technology,Printers,Printers Model 3884
PROD113,Office Supplies,Storage,Storage Model 3759
PROD669,Office Supplies,Binders,Binders Model 6730
PROD124,Office Supplies,Binders,Binders Model 2404
PROD900,Office Supplies,Storage,Storage Model 6043
PROD497,Furniture,Bookcases,Bookcases Model 2372
PROD367,Office Supplies,Storage,Storage Model 6617
PROD521,Technology,Accessories,Accessories Model 7691
PROD269,Furniture,Tables,Tables Model 3683
PROD620,Technology,Printers,Printers Model 2782
PROD759,Office Supplies,Binders,Binders Model 7162
PROD945,Furniture,Chairs,Chairs Model 2031
PROD901,Furniture,Chairs,Chairs Model 8233
PROD473,Furniture,Tables,Tables Model 3624
PROD439,Technology,Accessories,Accessories Model 8637
PROD749,Technology,Accessories,Accessories Model 8029
PROD324,Office Supplies,Binders,Binders Model 6527
PROD708,Technology,Printers,Printers Model 2382
PROD435,Technology,Laptops,Laptops Model 1295
PROD516,Technology,Accessories,Accessories Model 6946
PROD865,Furniture,Bookcases,Bookcases Model 1590
PROD310,Office Supplies,Storage,Storage Model 4803
PROD748,Furniture,Tables,Tables Model 6270
PROD294,Office Supplies,Pens,Pens Model 8697
PROD782,Technology,Laptops,Laptops Model 8892
PROD707,Technology,Laptops,Laptops Model 7045
PROD726,Technology,Printers,Printers Model 9729
PROD760,Office Supplies,Storage,Storage Model 9933
PROD168,Office Supplies,Pens,Pens Model 2091
PROD671,Furniture,Tables,Tables Model 2113
PROD944,Office Supplies,Paper,Paper Model 6130
PROD931,Office Supplies,Storage,Storage Model 4081
PROD286,Furniture,Bookcases,Bookcases Model 1587
PROD761,Furniture,Tables,Tables Model 4152
PROD437,Office Supplies,Pens,Pens Model 7274
PROD166,Furniture,Bookcases,Bookcases Model 5588
PROD393,Furniture,Bookcases,Bookcases Model 1950
PROD272,Office Supplies,Pens,Pens Model 6116
PROD600,Technology,Accessories,Accessories Model 4638
PROD820,Office Supplies,Paper,Paper Model 2848
PROD106,Technology,Laptops,Laptops Model 7005
PROD198,Furniture,Sofas,Sofas Model 3037
PROD856,Office Supplies,Pens,Pens Model 5718
PROD780,Technology,Printers,Printers Model 2871
PROD315,Technology,Printers,Printers Model 5907
PROD150,Technology,Accessories,Accessories Model 1075
PROD362,Furniture,Chairs,Chairs Model 6753
PROD204,Furniture,Tables,Tables Model 7259
PROD123,Office Supplies,Storage,Storage Model 5657
PROD960,Furniture,Tables,Tables Model 2567
PROD672,Furniture,Tables,Tables Model 3981
PROD916,Office Supplies,Pens,Pens Model 5610
PROD462,Technology,Printers,Printers Model 4097
PROD202,Technology,Accessories,Accessories Model 2405
PROD171,Technology,Laptops,Laptops Model 3839
PROD445,Technology,Accessories,Accessories Model 7487
PROD836,Office Supplies,Pens,Pens Model 7507
PROD848,Technology,Accessories,Accessories Model 8292
PROD582,Technology,Printers,Printers Model 9347
PROD667,Furniture,Bookcases,Bookcases Model 5564
PROD994,Technology,Accessories,Accessories Model 9556
PROD788,Office Supplies,Pens,Pens Model 9075
PROD170,Technology,Accessories,Accessories Model 3561
PROD159,Office Supplies,Storage,Storage Model 9795
PROD222,Furniture,Sofas,Sofas Model 5396
PROD894,Furniture,Tables,Tables Model 5287
PROD948,Office Supplies,Storage,Storage Model 6423
PROD747,Office Supplies,Storage,Storage Model 4781
PROD545,Office Supplies,Paper,Paper Model 5662
PROD778,Technology,Accessories,Accessories Model 5301
PROD641,Office Supplies,Storage,Storage Model 3815
PROD895,Technology,Accessories,Accessories Model 8571
PROD594,Technology,Accessories,Accessories Model 3604
PROD432,Technology,Accessories,Accessories Model 3857
PROD556,Technology,Laptops,Laptops Model 4947
PROD659,Furniture,Bookcases,Bookcases Model 6619
PROD969,Office Supplies,Pens,Pens Model 1903
PROD871,Technology,Phones,Phones Model 1233
PROD227,Furniture,Sofas,Sofas Model 7672
PROD117,Office Supplies,Paper,Paper Model 7021
PROD447,Furniture,Tables,Tables Model 1974
PROD248,Technology,Accessories,Accessories Model 8243
PROD781,Furniture,Bookcases,Bookcases Model 7792
PROD245,Technology,Phones,Phones Model 5951
PROD548,Technology,Laptops,Laptops Model 1716
PROD725,Technology,Printers,Printers Model 1451
PROD940,Furniture,Chairs,Chairs Model 5141
PROD330,Technology,Phones,Phones Model 6564
PROD244,Technology,Printers,Printers Model 6674
PROD860,Technology,Printers,Printers Model 3519
PROD956,Furniture,Chairs,Chairs Model 7142
PROD626,Furniture,Bookcases,Bookcases Model 7483
PROD410,Office Supplies,Pens,Pens Model 6667
PROD787,Technology,Laptops,Laptops Model 8271
PROD390,Furniture,Sofas,Sofas Model 8190
PROD815,Furniture,Chairs,Chairs Model 6396
PROD754,Office Supplies,Pens,Pens Model 9470
PROD311,Office Supplies,Storage,Storage Model 5149
PROD307,Furniture,Sofas,Sofas Model 9408
PROD145,Technology,Printers,Printers Model 9665
PROD585,Technology,Phones,Phones Model 3318
PROD160,Office Supplies,Storage,Storage Model 3453
PROD668,Technology,Printers,Printers Model 1811
PROD832,Office Supplies,Binders,Binders Model 7930
PROD689,Technology,Accessories,Accessories Model 5174
PROD186,Technology,Printers,Printers Model 7656
PROD647,Office Supplies,Binders,Binders Model 4399
PROD333,Office Supplies,Binders,Binders Model 4050
PROD938,Furniture,Sofas,Sofas Model 5168
PROD466,Office Supplies,Paper,Paper Model 3192
PROD704,Furniture,Bookcases,Bookcases Model 4854
PROD839,Furniture,Chairs,Chairs Model 1241
PROD274,Furniture,Sofas,Sofas Model 5246
PROD265,Technology,Accessories,Accessories Model 4360
PROD411,Furniture,Chairs,Chairs Model 3460
PROD962,Furniture,Sofas,Sofas Model 2395
PROD770,Technology,Laptops,Laptops Model 5555
PROD652,Furniture,Bookcases,Bookcases Model 9319
PROD993,Technology,Printers,Printers Model 9419
PROD961,Office Supplies,Storage,Storage Model 8337
PROD472,Technology,Laptops,Laptops Model 8576
PROD267,Technology,Accessories,Accessories Model 8345
PROD795,Technology,Phones,Phones Model 2171
PROD576,Office Supplies,Paper,Paper Model 1961
PROD819,Technology,Phones,Phones Model 2677
PROD670,Technology,Laptops,Laptops Model 2053
PROD616,Office Supplies,Storage,Storage Model 9538
PROD830,Furniture,Chairs,Chairs Model 3852
PROD373,Office Supplies,Paper,Paper Model 7331
PROD301,Technology,Printers,Printers Model 8020
PROD438,Office Supplies,Storage,Storage Model 4354
PROD116,Technology,Laptops,Laptops Model 7336
PROD544,Furniture,Chairs,Chairs Model 6595
PROD322,Technology,Phones,Phones Model 8204
PROD532,Office Supplies,Binders,Binders Model 2408
PROD314,Furniture,Sofas,Sofas Model 5567
PROD440,Office Supplies,Pens,Pens Model 9453
PROD599,Furniture,Chairs,Chairs Model 8210
PROD561,Technology,Accessories,Accessories Model 2607
PROD868,Furniture,Chairs,Chairs Model 3165
PROD563,Technology,Phones,Phones Model 5557
PROD391,Furniture,Sofas,Sofas Model 7159
PROD549,Technology,Printers,Printers Model 3820
PROD922,Furniture,Chairs,Chairs Model 5346
PROD773,Furniture,Bookcases,Bookcases Model 5568
PROD389,Office Supplies,Binders,Binders Model 4664
PROD354,Technology,Accessories,Accessories Model 1201
PROD660,Office Supplies,Storage,Storage Model 9385
PROD535,Office Supplies,Storage,Storage Model 2548
PROD289,Office Supplies,Binders,Binders Model 3528
PROD332,Technology,Printers,Printers Model 8303
PROD845,Furniture,Tables,Tables Model 9707
PROD998,Furniture,Chairs,Chairs Model 8371
PROD577,Technology,Printers,Printers Model 7460
PROD568,Technology,Printers,Printers Model 3755
PROD604,Furniture,Sofas,Sofas Model 3939
PROD569,Technology,Accessories,Accessories Model 3387
PROD483,Furniture,Sofas,Sofas Model 5181
PROD361,Furniture,Bookcases,Bookcases Model 7511
PROD163,Technology,Phones,Phones Model 4962
PROD543,Furniture,Chairs,Chairs Model 5153
PROD465,Office Supplies,Binders,Binders Model 1791
PROD487,Office Supplies,Pens,Pens Model 1142
PROD319,Furniture,Bookcases,Bookcases Model 2373
PROD126,Office Supplies,Binders,Binders Model 6827
PROD316,Office Supplies,Pens,Pens Model 3368
PROD615,Office Supplies,Pens,Pens Model 9716
PROD611,Technology,Phones,Phones Model 2899
PROD602,Furniture,Bookcases,Bookcases Model 1554
PROD965,Technology,Accessories,Accessories Model 8869
PROD809,Furniture,Sofas,Sofas Model 6468
PROD648,Office Supplies,Storage,Storage Model 6070
PROD279,Technology,Printers,Printers Model 7767
PROD436,Furniture,Chairs,Chairs Model 3951
PROD372,Technology,Laptops,Laptops Model 4354
PROD890,Furniture,Bookcases,Bookcases Model 5693
PROD352,Technology,Laptops,Laptops Model 3265
PROD281,Office Supplies,Paper,Paper Model 7433
PROD193,Office Supplies,Pens,Pens Model 3793
PROD275,Office Supplies,Paper,Paper Model 6865
PROD430,Furniture,Bookcases,Bookcases Model 9964
PROD420,Technology,Accessories,Accessories Model 5092
PROD733,Office Supplies,Storage,Storage Model 6840
PROD924,Technology,Accessories,Accessories Model 1522
PROD143,Office Supplies,Binders,Binders Model 8741
PROD422,Office Supplies,Storage,Storage Model 1698
PROD870,Office Supplies,Binders,Binders Model 2499
PROD366,Furniture,Tables,Tables Model 1496
PROD485,Technology,Phones,Phones Model 9649
PROD514,Furniture,Bookcases,Bookcases Model 4799
PROD524,Furniture,Tables,Tables Model 9764
PROD859,Technology,Printers,Printers Model 9230
PROD880,Office Supplies,Storage,Storage Model 8217
PROD550,Office Supplies,Paper,Paper Model 1288
PROD621,Technology,Phones,Phones Model 5279
PROD807,Office Supplies,Paper,Paper Model 3107
PROD898,Furniture,Sofas,Sofas Model 7922
PROD260,Office Supplies,Pens,Pens Model 7527
PROD152,Technology,Accessories,Accessories Model 7707
PROD206,Furniture,Tables,Tables Model 6964
PROD211,Office Supplies,Binders,Binders Model 4382
PROD791,Technology,Accessories,Accessories Model 9356
PROD853,Technology,Printers,Printers Model 1882
PROD325,Furniture,Bookcases,Bookcases Model 8393
PROD937,Office Supplies,Binders,Binders Model 4384
PROD651,Furniture,Chairs,Chairs Model 2982
PROD412,Furniture,Bookcases,Bookcases Model 6305
PROD658,Technology,Printers,Printers Model 3270
PROD972,Furniture,Tables,Tables Model 3109
PROD619,Office Supplies,Storage,Storage Model 9372
PROD377,Technology,Accessories,Accessories Model 4244
PROD957,Office Supplies,Pens,Pens Model 3930
PROD987,Furniture,Sofas,Sofas Model 3269
PROD187,Office Supplies,Binders,Binders Model 7539
PROD498,Technology,Printers,Printers Model 1263
PROD578,Furniture,Bookcases,Bookcases Model 9198
PROD584,Furniture,Bookcases,Bookcases Model 8303
PROD112,Technology,Laptops,Laptops Model 1262
PROD774,Technology,Laptops,Laptops Model 2614
PROD700,Technology,Accessories,Accessories Model 5402
PROD478,Furniture,Bookcases,Bookcases Model 5108
PROD448,Office Supplies,Binders,Binders Model 1913
PROD821,Furniture,Bookcases,Bookcases Model 4704
PROD925,Office Supplies,Paper,Paper Model 9288
PROD542,Technology,Phones,Phones Model 9096
PROD291,Furniture,Tables,Tables Model 3471
PROD492,Office Supplies,Binders,Binders Model 6932
PROD122,Technology,Printers,Printers Model 1022
PROD745,Furniture,Tables,Tables Model 7775
PROD256,Technology,Accessories,Accessories Model 7344
PROD932,Technology,Phones,Phones Model 8142
PROD538,Office Supplies,Storage,Storage Model 6889
PROD701,Technology,Laptops,Laptops Model 9798
PROD233,Technology,Phones,Phones Model 2286
PROD148,Office Supplies,Paper,Paper Model 6901
PROD958,Technology,Accessories,Accessories Model 1224
PROD120,Furniture,Bookcases,Bookcases Model 3327
PROD840,Technology,Laptops,Laptops Model 4213
PROD494,Technology,Accessories,Accessories Model 7327
PROD258,Office Supplies,Binders,Binders Model 2037
PROD419,Furniture,Bookcases,Bookcases Model 8581
PROD306,Furniture,Sofas,Sofas Model 7232
PROD528,Office Supplies,Storage,Storage Model 8470
PROD715,Technology,Accessories,Accessories Model 3825
PROD552,Office Supplies,Binders,Binders Model 7956
PROD172,Technology,Printers,Printers Model 5424
PROD884,Furniture,Chairs,Chairs Model 6551
PROD463,Furniture,Bookcases,Bookcases Model 1255
PROD911,Office Supplies,Binders,Binders Model 2094
PROD100,Technology,Laptops,Laptops Model 1539
PROD468,Technology,Accessories,Accessories Model 7758
PROD756,Furniture,Bookcases,Bookcases Model 4456
PROD441,Office Supplies,Paper,Paper Model 4815
PROD513,Office Supplies,Pens,Pens Model 5167
PROD181,Office Supplies,Pens,Pens Model 8350
PROD687,Technology,Phones,Phones Model 5274
PROD326,Furniture,Sofas,Sofas Model 6740
PROD603,Office Supplies,Binders,Binders Model 6644
PROD467,Furniture,Tables,Tables Model 3675
PROD127,Furniture,Tables,Tables Model 1595
PROD537,Office Supplies,Storage,Storage Model 2506
PROD320,Technology,Printers,Printers Model 3142
PROD144,Office Supplies,Paper,Paper Model 9696
PROD863,Technology,Laptops,Laptops Model 9167
PROD540,Office Supplies,Storage,Storage Model 5236
PROD340,Technology,Phones,Phones Model 9731
PROD428,Technology,Accessories,Accessories Model 6633
PROD842,Technology,Accessories,Accessories Model 4894
PROD729,Furniture,Sofas,Sofas Model 6894
PROD263,Office Supplies,Pens,Pens Model 1865
PROD119,Furniture,Bookcases,Bookcases Model 4902
PROD975,Office Supplies,Pens,Pens Model 3834
PROD869,Technology,Laptops,Laptops Model 6085
PROD105,Furniture,Chairs,Chairs Model 6950
PROD883,Technology,Laptops,Laptops Model 6350
PROD875,Furniture,Bookcases,Bookcases Model 8612
PROD546,Furniture,Sofas,Sofas Model 3787
PROD920,Technology,Phones,Phones Model 1184
PROD484,Technology,Printers,Printers Model 3081
PROD851,Technology,Phones,Phones Model 2256
PROD254,Technology,Laptops,Laptops Model 7391
PROD978,Technology,Laptops,Laptops Model 7300
PROD344,Furniture,Bookcases,Bookcases Model 7983
PROD303,Furniture,Tables,Tables Model 8099
PROD567,Technology,Accessories,Accessories Model 5569
PROD720,Office Supplies,Paper,Paper Model 7124
PROD829,Furniture,Tables,Tables Model 5382
PROD348,Technology,Accessories,Accessories Model 8101
PROD399,Office Supplies,Binders,Binders Model 9874
PROD212,Furniture,Chairs,Chairs Model 5140
PROD986,Office Supplies,Paper,Paper Model 2835
PROD220,Furniture,Bookcases,Bookcases Model 7448
PROD133,Technology,Laptops,Laptops Model 8228
PROD336,Furniture,Bookcases,Bookcases Model 6254
PROD606,Technology,Accessories,Accessories Model 9732
PROD284,Furniture,Chairs,Chairs Model 7750
PROD349,Technology,Phones,Phones Model 5542
PROD775,Office Supplies,Storage,Storage Model 6094
PROD776,Office Supplies,Storage,Storage Model 6936
PROD908,Technology,Printers,Printers Model 4704
PROD888,Furniture,Chairs,Chairs Model 6418
PROD595,Office Supplies,Binders,Binders Model 4186
PROD512,Technology,Phones,Phones Model 5948
PROD999,Furniture,Sofas,Sofas Model 6811
PROD153,Office Supplies,Paper,Paper Model 5101
PROD142,Technology,Phones,Phones Model 5946
PROD688,Technology,Accessories,Accessories Model 3037
PROD565,Office Supplies,Binders,Binders Model 5615
PROD685,Office Supplies,Storage,Storage Model 3494
PROD646,Technology,Laptops,Laptops Model 1468
PROD801,Technology,Printers,Printers Model 1827
PROD798,Furniture,Chairs,Chairs Model 7116
PROD814,Office Supplies,Pens,Pens Model 1762
PROD381,Furniture,Bookcases,Bookcases Model 5579
PROD665,Furniture,Chairs,Chairs Model 2024
PROD592,Technology,Phones,Phones Model 2022
PROD741,Office Supplies,Pens,Pens Model 7976
PROD460,Technology,Accessories,Accessories Model 1927
PROD967,Office Supplies,Paper,Paper Model 1489
PROD705,Office Supplies,Paper,Paper Model 7213
PROD401,Furniture,Tables,Tables Model 3671
PROD833,Furniture,Sofas,Sofas Model 4358
PROD902,Technology,Laptops,Laptops Model 9054
PROD927,Technology,Accessories,Accessories Model 3010
PROD257,Furniture,Tables,Tables Model 4195
PROD917,Furniture,Bookcases,Bookcases Model 9846
PROD453,Technology,Printers,Printers Model 9191
PROD382,Furniture,Bookcases,Bookcases Model 6139
PROD458,Technology,Accessories,Accessories Model 5310
PROD642,Technology,Phones,Phones Model 7181
PROD331,Office Supplies,Storage,Storage Model 9152
PROD165,Office Supplies,Pens,Pens Model 3231
PROD699,Office Supplies,Binders,Binders Model 3493
PROD758,Office Supplies,Pens,Pens Model 3349
PROD714,Technology,Printers,Printers Model 7812
PROD614,Technology,Phones,Phones Model 6445
PROD904,Furniture,Sofas,Sofas Model 7135
PROD826,Technology,Phones,Phones Model 9305
PROD318,Technology,Phones,Phones Model 8142
PROD321,Furniture,Chairs,Chairs Model 6579
PROD824,Office Supplies,Binders,Binders Model 9682
PROD408,Furniture,Bookcases,Bookcases Model 3246
PROD881,Furniture,Sofas,Sofas Model 2325
PROD287,Office Supplies,Binders,Binders Model 2935
PROD179,Office Supplies,Binders,Binders Model 4358
PROD304,Furniture,Tables,Tables Model 2681
PROD339,Office Supplies,Paper,Paper Model 8169
PROD215,Office Supplies,Paper,Paper Model 4628
PROD240,Office Supplies,Binders,Binders Model 5160
PROD935,Furniture,Bookcases,Bookcases Model 8281
PROD812,Technology,Phones,Phones Model 5387
PROD347,Furniture,Chairs,Chairs Model 3521
PROD752,Furniture,Bookcases,Bookcases Model 6215
PROD753,Furniture,Tables,Tables Model 2526
PROD101,Office Supplies,Storage,Storage Model 2960
PROD363,Furniture,Tables,Tables Model 8856
PROD141,Office Supplies,Storage,Storage Model 5393
PROD442,Furniture,Bookcases,Bookcases Model 9654
PROD822,Technology,Printers,Printers Model 6665
PROD431,Furniture,Sofas,Sofas Model 5708
PROD371,Furniture,Bookcases,Bookcases Model 8536
PROD971,Technology,Laptops,Laptops Model 4878
PROD959,Furniture,Bookcases,Bookcases Model 7375
PROD469,Furniture,Chairs,Chairs Model 6800
PROD779,Technology,Printers,Printers Model 9991
PROD763,Furniture,Sofas,Sofas Model 7449
PROD638,Office Supplies,Storage,Storage Model 4956
PROD793,Technology,Accessories,Accessories Model 1654
PROD239,Furniture,Chairs,Chairs Model 6710
PROD964,Furniture,Sofas,Sofas Model 6671
PROD102,Office Supplies,Paper,Paper Model 2359
PROD396,Office Supplies,Pens,Pens Model 3381
PROD921,Office Supplies,Pens,Pens Model 8040
PROD496,Office Supplies,Binders,Binders Model 4562
PROD183,Office Supplies,Pens,Pens Model 9257
PROD369,Office Supplies,Binders,Binders Model 1137
PROD156,Furniture,Bookcases,Bookcases Model 8659
PROD943,Furniture,Tables,Tables Model 7189
PROD691,Office Supplies,Pens,Pens Model 2136
PROD135,Office Supplies,Binders,Binders Model 9619
PROD609,Technology,Accessories,Accessories Model 1675
PROD980,Furniture,Bookcases,Bookcases Model 5871
PROD835,Furniture,Tables,Tables Model 2127
PROD991,Furniture,Tables,Tables Model 5176
PROD909,Furniture,Chairs,Chairs Model 6922
PROD345,Furniture,Tables,Tables Model 5132
PROD598,Technology,Laptops,Laptops Model 1870
PROD511,Office Supplies,Pens,Pens Model 2953
PROD218,Office Supplies,Binders,Binders Model 1062
PROD681,Furniture,Bookcases,Bookcases Model 1988
PROD947,Furniture,Bookcases,Bookcases Model 9406
PROD110,Furniture,Bookcases,Bookcases Model 1026
PROD104,Technology,Accessories,Accessories Model 7128
PROD273,Technology,Phones,Phones Model 3932
PROD247,Furniture,Tables,Tables Model 9249
PROD928,Office Supplies,Storage,Storage Model 1339
PROD636,Furniture,Bookcases,Bookcases Model 5110
PROD251,Technology,Accessories,Accessories Model 9879
PROD125,Technology,Accessories,Accessories Model 9219
PROD185,Furniture,Tables,Tables Model 4172
PROD588,Office Supplies,Paper,Paper Model 6852
PROD850,Furniture,Tables,Tables Model 9451
PROD613,Office Supplies,Paper,Paper Model 5767
PROD739,Office Supplies,Pens,Pens Model 3360
PROD534,Furniture,Sofas,Sofas Model 7833
PROD564,Technology,Accessories,Accessories Model 5999
PROD424,Furniture,Tables,Tables Model 1357
PROD990,Furniture,Chairs,Chairs Model 6338
PROD570,Furniture,Bookcases,Bookcases Model 1124
PROD479,Furniture,Chairs,Chairs Model 8036
PROD452,Furniture,Chairs,Chairs Model 1189
PROD413,Technology,Accessories,Accessories Model 7949
PROD680,Technology,Printers,Printers Model 4710
PROD471,Technology,Phones,Phones Model 9268
PROD713,Furniture,Bookcases,Bookcases Model 1331
PROD368,Furniture,Tables,Tables Model 9392
PROD380,Technology,Accessories,Accessories Model 9564
PROD481,Furniture,Sofas,Sofas Model 2065
PROD730,Furniture,Chairs,Chairs Model 5858
PROD530,Technology,Phones,Phones Model 4175
PROD184,Technology,Laptops,Laptops Model 7932
PROD844,Office Supplies,Pens,Pens Model 8656
PROD533,Office Supplies,Storage,Storage Model 6554
PROD108,Technology,Phones,Phones Model 8950
PROD695,Furniture,Chairs,Chairs Model 7499
PROD673,Technology,Laptops,Laptops Model 5518
PROD182,Technology,Phones,Phones Model 9653
PROD633,Furniture,Sofas,Sofas Model 4687
PROD121,Technology,Phones,Phones Model 1700
PROD571,Technology,Printers,Printers Model 1498
PROD305,Technology,Accessories,Accessories Model 2343
PROD456,Office Supplies,Paper,Paper Model 7323
PROD682,Furniture,Sofas,Sofas Model 2231
PROD457,Technology,Phones,Phones Model 1864
PROD862,Technology,Accessories,Accessories Model 2403
PROD953,Furniture,Sofas,Sofas Model 5823
PROD903,Office Supplies,Storage,Storage Model 9827
PROD618,Technology,Printers,Printers Model 2125
PROD750,Furniture,Sofas,Sofas Model 4856
PROD379,Technology,Laptops,Laptops Model 6471
PROD386,Furniture,Bookcases,Bookcases Model 9722
PROD640,Furniture,Bookcases,Bookcases Model 1601
PROD897,Office Supplies,Binders,Binders Model 6253
PROD718,Furniture,Tables,Tables Model 7197
PROD974,Technology,Phones,Phones Model 6392
PROD403,Office Supplies,Storage,Storage Model 1839
PROD977,Office Supplies,Paper,Paper Model 7086
PROD590,Furniture,Tables,Tables Model 9145
PROD491,Office Supplies,Paper,Paper Model 3416
PROD131,Furniture,Bookcases,Bookcases Model 4533
PROD879,Office Supplies,Binders,Binders Model 1613
PROD706,Technology,Phones,Phones Model 9262
PROD847,Technology,Laptops,Laptops Model 4382
PROD686,Technology,Accessories,Accessories Model 4674
PROD293,Technology,Printers,Printers Model 1759
PROD717,Furniture,Tables,Tables Model 5485
PROD134,Office Supplies,Storage,Storage Model 3719
PROD299,Furniture,Sofas,Sofas Model 2752
PROD539,Technology,Laptops,Laptops Model 4988
PROD855,Office Supplies,Paper,Paper Model 8055
PROD346,Office Supplies,Binders,Binders Model 3770
PROD762,Office Supplies,Pens,Pens Model 9433
PROD276,Technology,Accessories,Accessories Model 6859
PROD694,Furniture,Tables,Tables Model 9167
PROD515,Furniture,Bookcases,Bookcases Model 8273
PROD764,Technology,Accessories,Accessories Model 5667
PROD308,Furniture,Bookcases,Bookcases Model 1105
PROD175,Office Supplies,Pens,Pens Model 9667
PROD727,Office Supplies,Pens,Pens Model 5972
PROD128,Technology,Phones,Phones Model 8341
PROD253,Office Supplies,Storage,Storage Model 4833
PROD384,Technology,Printers,Printers Model 1029
PROD385,Office Supplies,Paper,Paper Model 3106
PROD375,Furniture,Bookcases,Bookcases Model 3648
PROD953,Technology,Phones,Phones Model 2135
PROD278,Office Supplies,Binders,Binders Model 8395
PROD150,Office Supplies,Paper,Paper Model 5468
PROD928,Furniture,Tables,Tables Model 6764
PROD159,Office Supplies,Storage,Storage Model 1301
PROD550,Furniture,Chairs,Chairs Model 5858
PROD281,Furniture,Tables,Tables Model 7569
PROD705,Technology,Accessories,Accessories Model 7592
PROD742,Office Supplies,Storage,Storage Model 3990
PROD810,Office Supplies,Binders,Binders Model 5018
PROD984,Office Supplies,Pens,Pens Model 3883
PROD167,Office Supplies,Paper,Paper Model 1055
PROD671,Furniture,Bookcases,Bookcases Model 6224
PROD944,Furniture,Chairs,Chairs Model 4188
PROD639,Office Supplies,Storage,Storage Model 2546
PROD381,Office Supplies,Paper,Paper Model 8023
PROD183,Furniture,Tables,Tables Model 1864
PROD956,Furniture,Bookcases,Bookcases Model 2238
PROD917,Office Supplies,Paper,Paper Model 8258
PROD394,Office Supplies,Paper,Paper Model 8651
PROD434,Office Supplies,Storage,Storage Model 3376
PROD181,Furniture,Tables,Tables Model 4782
PROD126,Technology,Laptops,Laptops Model 2512
PROD560,Furniture,Chairs,Chairs Model 8227
PROD612,Office Supplies,Storage,Storage Model 4536
PROD780,Office Supplies,Paper,Paper Model 1295
PROD942,Technology,Accessories,Accessories Model 9019
PROD966,Office Supplies,Storage,Storage Model 3423
PROD562,Technology,Printers,Printers Model 4570
PROD150,Office Supplies,Storage,Storage Model 9405
PROD667,Technology,Phones,Phones Model 5120
PROD166,Furniture,Tables,Tables Model 4619
PROD587,Furniture,Sofas,Sofas Model 3733
PROD906,Office Supplies,Binders,Binders Model 8704
PROD537,Furniture,Sofas,Sofas Model 8742
PROD756,Furniture,Tables,Tables Model 1184
PROD210,Technology,Phones,Phones Model 9656
PROD699,Technology,Printers,Printers Model 7693
PROD505,Furniture,Chairs,Chairs Model 7195
PROD938,Office Supplies,Binders,Binders Model 7830
PROD780,Technology,Accessories,Accessories Model 6993
PROD236,Furniture,Sofas,Sofas Model 9780
PROD668,Office Supplies,Binders,Binders Model 2703
PROD263,Furniture,Chairs,Chairs Model 1925
PROD941,Office Supplies,Binders,Binders Model 3562
PROD201,Office Supplies,Paper,Paper Model 9629
PROD765,Technology,Printers,Printers Model 5171
PROD145,Technology,Laptops,Laptops Model 7510
PROD763,Office Supplies,Paper,Paper Model 1064
PROD125,Furniture,Sofas,Sofas Model 1628
PROD911,Furniture,Tables,Tables Model 6417
PROD407,Office Supplies,Storage,Storage Model 7936
PROD303,Office Supplies,Pens,Pens Model 9972
PROD797,Technology,Accessories,Accessories Model 8073
PROD646,Furniture,Chairs,Chairs Model 2827
PROD111,Furniture,Sofas,Sofas Model 3817
PROD876,Furniture,Chairs,Chairs Model 5246
PROD221,Furniture,Tables,Tables Model 7530
PROD794,Office Supplies,Paper,Paper Model 2479
PROD476,Technology,Laptops,Laptops Model 5775
PROD975,Technology,Printers,Printers Model 6976
PROD472,Office Supplies,Pens,Pens Model 4521
PROD784,Technology,Accessories,Accessories Model 6962
PROD457,Office Supplies,Pens,Pens Model 4282
PROD114,Technology,Accessories,Accessories Model 7923
PROD215,Technology,Phones,Phones Model 6125
PROD761,Furniture,Bookcases,Bookcases Model 9096
PROD119,Furniture,Chairs,Chairs Model 2666
PROD768,Furniture,Bookcases,Bookcases Model 9858
PROD183,Office Supplies,Pens,Pens Model 9654
PROD932,Technology,Laptops,Laptops Model 9404
PROD368,Furniture,Sofas,Sofas Model 6349
PROD454,Furniture,Bookcases,Bookcases Model 2667
PROD825,Technology,Laptops,Laptops Model 9792
PROD684,Office Supplies,Binders,Binders Model 2898
PROD780,Office Supplies,Paper,Paper Model 8998
PROD941,Furniture,Chairs,Chairs Model 9738
PROD501,Technology,Accessories,Accessories Model 6177
PROD324,Office Supplies,Pens,Pens Model 7582
PROD368,Furniture,Sofas,Sofas Model 9795
PROD498,Office Supplies,Storage,Storage Model 5081
PROD929,Furniture,Bookcases,Bookcases Model 1573
PROD752,Technology,Accessories,Accessories Model 8502
PROD929,Office Supplies,Paper,Paper Model 1213
PROD507,Furniture,Bookcases,Bookcases Model 8514
PROD234,Technology,Printers,Printers Model 9007
PROD561,Office Supplies,Pens,Pens Model 7699
PROD344,Furniture,Tables,Tables Model 4664
PROD165,Furniture,Bookcases,Bookcases Model 5966
PROD612,Technology,Accessories,Accessories Model 1993
PROD966,Office Supplies,Pens,Pens Model 3734
PROD825,Furniture,Tables,Tables Model 7582
PROD337,Technology,Accessories,Accessories Model 1061
PROD374,Technology,Phones,Phones Model 7971
PROD886,Office Supplies,Paper,Paper Model 2736
PROD954,Furniture,Tables,Tables Model 8554
PROD681,Furniture,Sofas,Sofas Model 4250
PROD693,Furniture,Bookcases,Bookcases Model 7763
PROD729,Office Supplies,Pens,Pens Model 1415
PROD105,Technology,Laptops,Laptops Model 7430
PROD131,Office Supplies,Storage,Storage Model 5008
PROD970,Furniture,Sofas,Sofas Model 7541
PROD909,Technology,Phones,Phones Model 7428
PROD169,Furniture,Tables,Tables Model 8579
PROD697,Technology,Phones,Phones Model 9695
PROD338,Technology,Accessories,Accessories Model 6755
PROD193,Office Supplies,Storage,Storage Model 4231
PROD101,Technology,Laptops,Laptops Model 2716
PROD733,Technology,Phones,Phones Model 4798
PROD516,Office Supplies,Binders,Binders Model 1252
PROD614,Furniture,Chairs,Chairs Model 7367
PROD280,Technology,Laptops,Laptops Model 4387
PROD216,Office Supplies,Paper,Paper Model 1297
PROD844,Furniture,Tables,Tables Model 4517
PROD408,Technology,Accessories,Accessories Model 9776
PROD558,Office Supplies,Pens,Pens Model 2637
PROD837,Furniture,Bookcases,Bookcases Model 8254
PROD788,Office Supplies,Pens,Pens Model 3606
PROD765,Furniture,Chairs,Chairs Model 6768
PROD646,Furniture,Chairs,Chairs Model 7377
PROD829,Office Supplies,Binders,Binders Model 7962
PROD374,Office Supplies,Binders,Binders Model 5412
PROD363,Furniture,Sofas,Sofas Model 9987
PROD298,Technology,Phones,Phones Model 6850
PROD315,Furniture,Chairs,Chairs Model 2418
PROD723,Office Supplies,Storage,Storage Model 7505
PROD758,Office Supplies,Pens,Pens Model 9989
PROD599,Office Supplies,Paper,Paper Model 9224
PROD358,Technology,Phones,Phones Model 2527
PROD459,Furniture,Bookcases,Bookcases Model 6276
PROD327,Office Supplies,Pens,Pens Model 3373
PROD451,Furniture,Bookcases,Bookcases Model 8970
PROD108,Office Supplies,Storage,Storage Model 8861
PROD521,Technology,Laptops,Laptops Model 4158
PROD149,Technology,Laptops,Laptops Model 1700
PROD467,Office Supplies,Paper,Paper Model 7962
PROD313,Office Supplies,Binders,Binders Model 5143
PROD584,Furniture,Bookcases,Bookcases Model 8914
PROD182,Office Supplies,Paper,Paper Model 2049
PROD278,Technology,Printers,Printers Model 9687
PROD379,Office Supplies,Paper,Paper Model 4554
PROD324,Office Supplies,Storage,Storage Model 1487
PROD971,Office Supplies,Binders,Binders Model 6340
PROD768,Office Supplies,Binders,Binders Model 2727
PROD338,Technology,Printers,Printers Model 1476
PROD206,Furniture,Chairs,Chairs Model 7315
PROD975,Furniture,Sofas,Sofas Model 4443
PROD336,Furniture,Chairs,Chairs Model 7724
PROD178,Furniture,Sofas,Sofas Model 1674
PROD372,Technology,Phones,Phones Model 5051
PROD372,Office Supplies,Pens,Pens Model 3029
PROD589,Office Supplies,Paper,Paper Model 8966
PROD687,Office Supplies,Pens,Pens Model 7011
PROD471,Technology,Accessories,Accessories Model 7152
PROD323,Technology,Phones,Phones Model 8629
PROD123,Technology,Accessories,Accessories Model 9437
PROD756,Furniture,Tables,Tables Model 8129
PROD482,Technology,Accessories,Accessories Model 3898
PROD469,Furniture,Sofas,Sofas Model 2140
PROD787,Furniture,Sofas,Sofas Model 5792
PROD327,Furniture,Chairs,Chairs Model 4153
PROD377,Office Supplies,Storage,Storage Model 1366
PROD896,Technology,Printers,Printers Model 2692
PROD550,Technology,Laptops,Laptops Model 1372
PROD407,Office Supplies,Pens,Pens Model 8054
PROD832,Technology,Laptops,Laptops Model 9012
PROD536,Office Supplies,Paper,Paper Model 5217
PROD692,Furniture,Tables,Tables Model 3429
PROD415,Furniture,Tables,Tables Model 2671
PROD682,Technology,Laptops,Laptops Model 5634
PROD818,Technology,Accessories,Accessories Model 1997
PROD942,Office Supplies,Binders,Binders Model 9847
PROD104,Technology,Laptops,Laptops Model 5762
PROD960,Furniture,Bookcases,Bookcases Model 8468
PROD162,Office Supplies,Paper,Paper Model 1133
PROD458,Technology,Printers,Printers Model 9807
PROD648,Technology,Laptops,Laptops Model 1818
PROD391,Furniture,Sofas,Sofas Model 5709
PROD173,Furniture,Tables,Tables Model 5826
PROD151,Office Supplies,Pens,Pens Model 1896
PROD658,Furniture,Tables,Tables Model 5536
PROD671,Technology,Laptops,Laptops Model 1867
PROD600,Office Supplies,Storage,Storage Model 7191
PROD201,Office Supplies,Pens,Pens Model 5645
PROD224,Furniture,Bookcases,Bookcases Model 6722
PROD235,Technology,Laptops,Laptops Model 7031
PROD714,Office Supplies,Binders,Binders Model 3176
PROD535,Office Supplies,Paper,Paper Model 9142
PROD891,Technology,Accessories,Accessories Model 4171
PROD302,Technology,Phones,Phones Model 3218
PROD961,Office Supplies,Binders,Binders Model 7110
PROD447,Office Supplies,Paper,Paper Model 4899
PROD336,Office Supplies,Binders,Binders Model 6136
PROD302,Office Supplies,Pens,Pens Model 3562
PROD889,Office Supplies,Storage,Storage Model 2335
PROD161,Office Supplies,Storage,Storage Model 1766
PROD213,Technology,Laptops,Laptops Model 1606
PROD972,Furniture,Chairs,Chairs Model 6114
PROD543,Technology,Phones,Phones Model 8905
PROD209,Furniture,Sofas,Sofas Model 6854
PROD273,Office Supplies,Binders,Binders Model 2467
PROD977,Office Supplies,Binders,Binders Model 8863
PROD173,Furniture,Tables,Tables Model 3753
PROD802,Office Supplies,Pens,Pens Model 9838
PROD314,Office Supplies,Pens,Pens Model 5061
PROD681,Office Supplies,Pens,Pens Model 2922
PROD674,Furniture,Bookcases,Bookcases Model 5435
PROD784,Furniture,Chairs,Chairs Model 6987
PROD235,Office Supplies,Paper,Paper Model 6353
PROD484,Office Supplies,Paper,Paper Model 7537
PROD682,Technology,Phones,Phones Model 2197
PROD328,Technology,Accessories,Accessories Model 3250
PROD204,Furniture,Sofas,Sofas Model 2904
PROD608,Office Supplies,Pens,Pens Model 5033
PROD216,Furniture,Bookcases,Bookcases Model 4473
PROD559,Furniture,Tables,Tables Model 7069
PROD779,Furniture,Sofas,Sofas Model 1418
PROD925,Furniture,Chairs,Chairs Model 8874
PROD390,Furniture,Chairs,Chairs Model 4345
PROD787,Office Supplies,Paper,Paper Model 4797
PROD553,Furniture,Bookcases,Bookcases Model 4445
PROD167,Office Supplies,Pens,Pens Model 3126
PROD441,Office Supplies,Paper,Paper Model 2680
PROD973,Office Supplies,Storage,Storage Model 5278
PROD239,Technology,Printers,Printers Model 9088
PROD642,Technology,Printers,Printers Model 7280
PROD573,Office Supplies,Paper,Paper Model 7069
PROD384,Furniture,Bookcases,Bookcases Model 8942
PROD868,Furniture,Sofas,Sofas Model 9818
PROD443,Furniture,Sofas,Sofas Model 5012
PROD659,Office Supplies,Paper,Paper Model 4082
PROD437,Furniture,Sofas,Sofas Model 9212
PROD319,Furniture,Chairs,Chairs Model 8006
PROD222,Furniture,Tables,Tables Model 9810
PROD129,Technology,Accessories,Accessories Model 2770
PROD218,Furniture,Tables,Tables Model 5526
PROD887,Technology,Accessories,Accessories Model 3936
PROD626,Technology,Printers,Printers Model 3883
PROD960,Technology,Accessories,Accessories Model 6264
PROD785,Office Supplies,Storage,Storage Model 8703
PROD727,Office Supplies,Paper,Paper Model 5449
PROD941,Furniture,Sofas,Sofas Model 5405
PROD378,Furniture,Chairs,Chairs Model 2987
PROD182,Technology,Accessories,Accessories Model 3903
PROD439,Office Supplies,Paper,Paper Model 9996
PROD522,Office Supplies,Pens,Pens Model 4881
PROD346,Technology,Laptops,Laptops Model 7473
PROD356,Technology,Laptops,Laptops Model 2221
PROD883,Furniture,Bookcases,Bookcases Model 8899
PROD796,Technology,Laptops,Laptops Model 8934
PROD357,Furniture,Tables,Tables Model 2682
PROD302,Office Supplies,Pens,Pens Model 3414
PROD454,Technology,Accessories,Accessories Model 5853
PROD717,Furniture,Chairs,Chairs Model 3535
PROD526,Office Supplies,Paper,Paper Model 8469
PROD183,Furniture,Tables,Tables Model 5299
PROD564,Furniture,Chairs,Chairs Model 3031
PROD624,Furniture,Bookcases,Bookcases Model 5708
PROD996,Office Supplies,Storage,Storage Model 2668
PROD651,Technology,Laptops,Laptops Model 2947
PROD656,Technology,Accessories,Accessories Model 6674
PROD174,Technology,Phones,Phones Model 1049
PROD980,Office Supplies,Binders,Binders Model 2354
PROD445,Technology,Accessories,Accessories Model 7599
PROD814,Furniture,Sofas,Sofas Model 9759
PROD240,Technology,Accessories,Accessories Model 7717
PROD589,Technology,Accessories,Accessories Model 6008
PROD572,Furniture,Bookcases,Bookcases Model 3320
PROD609,Furniture,Chairs,Chairs Model 7121
PROD348,Technology,Printers,Printers Model 2823
PROD935,Technology,Phones,Phones Model 3183
PROD983,Office Supplies,Storage,Storage Model 2387
PROD158,Office Supplies,Storage,Storage Model 4914
PROD838,Office Supplies,Storage,Storage Model 8225
PROD416,Furniture,Chairs,Chairs Model 2775
PROD303,Furniture,Bookcases,Bookcases Model 6831
PROD924,Office Supplies,Paper,Paper Model 5573
PROD887,Technology,Accessories,Accessories Model 8857
PROD151,Furniture,Bookcases,Bookcases Model 6427
PROD176,Furniture,Tables,Tables Model 5188
PROD772,Furniture,Chairs,Chairs Model 4944
PROD395,Technology,Phones,Phones Model 4289
PROD675,Furniture,Chairs,Chairs Model 7588
PROD209,Technology,Laptops,Laptops Model 6546
PROD388,Office Supplies,Storage,Storage Model 6035
PROD938,Office Supplies,Storage,Storage Model 2669
PROD689,Furniture,Sofas,Sofas Model 4717
PROD234,Office Supplies,Pens,Pens Model 7204
PROD992,Office Supplies,Paper,Paper Model 7186
PROD404,Furniture,Chairs,Chairs Model 4690
PROD992,Furniture,Chairs,Chairs Model 5841
PROD433,Office Supplies,Pens,Pens Model 5348
PROD599,Technology,Laptops,Laptops Model 4040
PROD199,Furniture,Sofas,Sofas Model 2495
PROD197,Furniture,Sofas,Sofas Model 9116
PROD522,Technology,Printers,Printers Model 4066
PROD323,Technology,Accessories,Accessories Model 9299
PROD742,Technology,Laptops,Laptops Model 5323
PROD146,Office Supplies,Storage,Storage Model 6250
PROD607,Technology,Phones,Phones Model 2385
PROD980,Technology,Laptops,Laptops Model 6168
PROD234,Furniture,Sofas,Sofas Model 1029
PROD748,Technology,Laptops,Laptops Model 8967
PROD701,Furniture,Tables,Tables Model 8494
PROD421,Technology,Laptops,Laptops Model 8481
PROD202,Office Supplies,Pens,Pens Model 7441
PROD767,Office Supplies,Storage,Storage Model 1976
PROD359,Furniture,Tables,Tables Model 1768
PROD847,Furniture,Bookcases,Bookcases Model 9919
PROD884,Furniture,Chairs,Chairs Model 9126
PROD158,Furniture,Sofas,Sofas Model 9595
PROD332,Office Supplies,Pens,Pens Model 4474
PROD410,Furniture,Chairs,Chairs Model 7840
PROD568,Technology,Laptops,Laptops Model 3299
PROD164,Technology,Laptops,Laptops Model 7838
PROD134,Technology,Phones,Phones Model 2744
PROD962,Furniture,Sofas,Sofas Model 7590
PROD364,Technology,Printers,Printers Model 7194
PROD112,Technology,Accessories,Accessories Model 6470
PROD464,Technology,Phones,Phones Model 8744
PROD645,Furniture,Sofas,Sofas Model 5942
PROD668,Furniture,Bookcases,Bookcases Model 1685
PROD946,Office Supplies,Pens,Pens Model 2637
PROD593,Furniture,Sofas,Sofas Model 8027
PROD569,Office Supplies,Storage,Storage Model 5723
PROD511,Office Supplies,Storage,Storage Model 2683
PROD871,Office Supplies,Pens,Pens Model 8701
PROD226,Furniture,Tables,Tables Model 9427
PROD254,Office Supplies,Paper,Paper Model 4742
PROD476,Technology,Phones,Phones Model 7250
PROD580,Furniture,Tables,Tables Model 7506
PROD840,Technology,Accessories,Accessories Model 4601
PROD571,Office Supplies,Storage,Storage Model 9439
PROD206,Furniture,Bookcases,Bookcases Model 2525
PROD338,Furniture,Bookcases,Bookcases Model 3707
PROD254,Furniture,Chairs,Chairs Model 8719
PROD173,Technology,Printers,Printers Model 5490
PROD707,Technology,Laptops,Laptops Model 1970
PROD774,Technology,Phones,Phones Model 9887
PROD433,Technology,Accessories,Accessories Model 2943
PROD283,Furniture,Bookcases,Bookcases Model 2736
PROD336,Furniture,Sofas,Sofas Model 6654
PROD771,Office Supplies,Pens,Pens Model 9918
PROD626,Office Supplies,Pens,Pens Model 7705
PROD970,Office Supplies,Pens,Pens Model 5499
PROD639,Furniture,Bookcases,Bookcases Model 3736
PROD468,Office Supplies,Storage,Storage Model 3620
PROD734,Office Supplies,Storage,Storage Model 4213
PROD450,Office Supplies,Storage,Storage Model 4620
PROD804,Office Supplies,Paper,Paper Model 2248
PROD490,Office Supplies,Pens,Pens Model 2942
PROD839,Furniture,Tables,Tables Model 2401
PROD979,Furniture,Sofas,Sofas Model 4642
PROD492,Furniture,Sofas,Sofas Model 3393
PROD646,Office Supplies,Binders,Binders Model 2418
PROD727,Office Supplies,Storage,Storage Model 5415
PROD628,Office Supplies,Binders,Binders Model 9893
PROD490,Furniture,Bookcases,Bookcases Model 4281
PROD656,Office Supplies,Paper,Paper Model 8840
PROD819,Technology,Printers,Printers Model 1457
PROD889,Furniture,Sofas,Sofas Model 4135
PROD416,Furniture,Bookcases,Bookcases Model 5471
PROD869,Furniture,Sofas,Sofas Model 9614
PROD147,Furniture,Tables,Tables Model 7434
PROD228,Technology,Laptops,Laptops Model 3389
PROD474,Technology,Phones,Phones Model 4588
PROD945,Office Supplies,Pens,Pens Model 4838
PROD483,Furniture,Bookcases,Bookcases Model 3912
PROD316,Furniture,Tables,Tables Model 7307
PROD420,Furniture,Chairs,Chairs Model 4132
PROD890,Office Supplies,Storage,Storage Model 1300
PROD449,Office Supplies,Binders,Binders Model 4695
PROD811,Office Supplies,Paper,Paper Model 5292
PROD226,Technology,Phones,Phones Model 3646
PROD208,Technology,Phones,Phones Model 1514
PROD858,Office Supplies,Pens,Pens Model 8011
PROD771,Technology,Laptops,Laptops Model 4522
PROD525,Furniture,Chairs,Chairs Model 5260
PROD955,Office Supplies,Pens,Pens Model 1150
PROD110,Technology,Printers,Printers Model 2920
PROD184,Office Supplies,Storage,Storage Model 4144
PROD626,Office Supplies,Binders,Binders Model 8281
PROD931,Technology,Printers,Printers Model 4886
PROD192,Furniture,Bookcases,Bookcases Model 2585
PROD123,Office Supplies,Paper,Paper Model 5649
PROD651,Technology,Accessories,Accessories Model 2166
PROD446,Office Supplies,Paper,Paper Model 8878
PROD602,Office Supplies,Paper,Paper Model 1386
PROD500,Furniture,Tables,Tables Model 9464
PROD568,Technology,Printers,Printers Model 7120
PROD464,Furniture,Chairs,Chairs Model 4062
PROD822,Office Supplies,Paper,Paper Model 8430
PROD441,Furniture,Chairs,Chairs Model 8458
PROD372,Technology,Printers,Printers Model 3151
PROD690,Office Supplies,Storage,Storage Model 1614
PROD833,Furniture,Sofas,Sofas Model 8511
PROD281,Technology,Phones,Phones Model 7604
PROD221,Office Supplies,Paper,Paper Model 8827
PROD728,Furniture,Bookcases,Bookcases Model 7339
PROD733,Technology,Printers,Printers Model 6136
PROD843,Technology,Accessories,Accessories Model 7736
PROD155,Technology,Laptops,Laptops Model 3272
PROD197,Office Supplies,Pens,Pens Model 5517
PROD627,Furniture,Chairs,Chairs Model 9095
PROD177,Furniture,Tables,Tables Model 7828
PROD940,Office Supplies,Binders,Binders Model 7002
PROD243,Office Supplies,Storage,Storage Model 7827
PROD219,Furniture,Chairs,Chairs Model 7757
PROD860,Furniture,Tables,Tables Model 5317
PROD167,Office Supplies,Paper,Paper Model 2193
PROD869,Technology,Phones,Phones Model 5036
PROD621,Technology,Printers,Printers Model 3301
PROD849,Technology,Phones,Phones Model 2941
PROD132,Furniture,Bookcases,Bookcases Model 3796
PROD670,Office Supplies,Pens,Pens Model 1316
PROD433,Office Supplies,Paper,Paper Model 6113
PROD510,Furniture,Tables,Tables Model 2383
PROD323,Office Supplies,Storage,Storage Model 1564
PROD500,Furniture,Bookcases,Bookcases Model 6636
PROD419,Office Supplies,Binders,Binders Model 6448
PROD590,Furniture,Bookcases,Bookcases Model 2140
PROD484,Technology,Phones,Phones Model 6169
PROD586,Office Supplies,Pens,Pens Model 7477
PROD655,Office Supplies,Storage,Storage Model 2942
PROD376,Technology,Phones,Phones Model 3712
PROD873,Office Supplies,Paper,Paper Model 3595
PROD850,Furniture,Sofas,Sofas Model 2864
PROD517,Office Supplies,Binders,Binders Model 2595
PROD800,Technology,Laptops,Laptops Model 7594
PROD358,Technology,Laptops,Laptops Model 5482
PROD409,Technology,Printers,Printers Model 7531
PROD955,Technology,Phones,Phones Model 3481
PROD903,Furniture,Bookcases,Bookcases Model 3702
PROD272,Technology,Accessories,Accessories Model 8736
PROD446,Office Supplies,Storage,Storage Model 1849
PROD106,Technology,Accessories,Accessories Model 8108
PROD976,Technology,Printers,Printers Model 3347
PROD142,Furniture,Tables,Tables Model 4080
PROD327,Office Supplies,Binders,Binders Model 2809
PROD992,Technology,Accessories,Accessories Model 9609
PROD325,Office Supplies,Binders,Binders Model 9244
PROD914,Office Supplies,Pens,Pens Model 7494
PROD191,Office Supplies,Binders,Binders Model 4985
PROD639,Furniture,Sofas,Sofas Model 6636
PROD748,Technology,Phones,Phones Model 3887
PROD108,Technology,Phones,Phones Model 1416
PROD759,Furniture,Bookcases,Bookcases Model 8083
PROD492,Technology,Accessories,Accessories Model 9070
PROD141,Furniture,Chairs,Chairs Model 3883
PROD549,Furniture,Bookcases,Bookcases Model 6326
PROD487,Furniture,Chairs,Chairs Model 2638
PROD951,Furniture,Tables,Tables Model 3726
PROD490,Furniture,Chairs,Chairs Model 5813
PROD504,Office Supplies,Binders,Binders Model 6576
PROD128,Furniture,Sofas,Sofas Model 5905
PROD646,Office Supplies,Storage,Storage Model 3722
PROD151,Furniture,Bookcases,Bookcases Model 8901
PROD928,Office Supplies,Paper,Paper Model 2156
PROD660,Furniture,Bookcases,Bookcases Model 7598
PROD413,Office Supplies,Pens,Pens Model 4187
PROD939,Furniture,Tables,Tables Model 1113
PROD985,Technology,Phones,Phones Model 8657
PROD627,Furniture,Chairs,Chairs Model 9018
PROD719,Office Supplies,Binders,Binders Model 9671
PROD582,Furniture,Bookcases,Bookcases Model 4358
PROD300,Office Supplies,Pens,Pens Model 1771
PROD536,Office Supplies,Storage,Storage Model 7330
PROD223,Office Supplies,Storage,Storage Model 2700
PROD295,Furniture,Chairs,Chairs Model 3923
PROD430,Technology,Accessories,Accessories Model 9411
PROD124,Furniture,Tables,Tables Model 9422
PROD678,Office Supplies,Paper,Paper Model 9751
PROD516,Office Supplies,Storage,Storage Model 5576
PROD175,Office Supplies,Storage,Storage Model 2387
PROD826,Office Supplies,Binders,Binders Model 9685
PROD130,Furniture,Bookcases,Bookcases Model 4965
PROD914,Furniture,Bookcases,Bookcases Model 2732
PROD638,Furniture,Bookcases,Bookcases Model 2529
PROD776,Furniture,Tables,Tables Model 9421
PROD764,Furniture,Bookcases,Bookcases Model 8207
PROD161,Technology,Phones,Phones Model 1074
PROD707,Furniture,Tables,Tables Model 4034
PROD927,Furniture,Bookcases,Bookcases Model 2671
PROD828,Furniture,Tables,Tables Model 9477
PROD926,Office Supplies,Paper,Paper Model 6070
PROD801,Office Supplies,Storage,Storage Model 5202
PROD745,Office Supplies,Storage,Storage Model 7321
PROD497,Technology,Laptops,Laptops Model 1390
PROD722,Office Supplies,Binders,Binders Model 8179
PROD567,Furniture,Tables,Tables Model 3788
PROD179,Furniture,Tables,Tables Model 1790
PROD567,Office Supplies,Paper,Paper Model 5253
PROD167,Office Supplies,Paper,Paper Model 8257
PROD212,Technology,Printers,Printers Model 7748
PROD939,Furniture,Tables,Tables Model 1053
PROD955,Furniture,Sofas,Sofas Model 3127
PROD162,Technology,Laptops,Laptops Model 2979
PROD729,Office Supplies,Storage,Storage Model 9722
PROD295,Office Supplies,Paper,Paper Model 3879
PROD388,Office Supplies,Paper,Paper Model 3333
PROD312,Technology,Phones,Phones Model 5018
PROD617,Technology,Accessories,Accessories Model 9138
PROD436,Furniture,Chairs,Chairs Model 4805
PROD115,Office Supplies,Binders,Binders Model 6384
PROD237,Technology,Phones,Phones Model 3043
PROD756,Technology,Printers,Printers Model 8311
PROD961,Office Supplies,Paper,Paper Model 5427
PROD897,Furniture,Tables,Tables Model 7245
PROD267,Office Supplies,Binders,Binders Model 4190
PROD654,Furniture,Tables,Tables Model 8184
PROD776,Office Supplies,Pens,Pens Model 6749
PROD976,Furniture,Bookcases,Bookcases Model 2570
PROD916,Furniture,Sofas,Sofas Model 2522
PROD532,Furniture,Chairs,Chairs Model 1629
PROD105,Technology,Phones,Phones Model 3111
PROD665,Furniture,Bookcases,Bookcases Model 5079
PROD268,Technology,Laptops,Laptops Model 8690
PROD618,Technology,Phones,Phones Model 1837
PROD837,Office Supplies,Paper,Paper Model 8431
PROD225,Office Supplies,Paper,Paper Model 4393
PROD319,Furniture,Sofas,Sofas Model 3096
PROD910,Office Supplies,Pens,Pens Model 2836
PROD184,Technology,Accessories,Accessories Model 1098
PROD584,Furniture,Sofas,Sofas Model 5027
PROD376,Office Supplies,Pens,Pens Model 1104
PROD676,Technology,Accessories,Accessories Model 9710
PROD470,Furniture,Chairs,Chairs Model 3236
PROD757,Technology,Laptops,Laptops Model 2667
PROD372,Office Supplies,Storage,Storage Model 2682
PROD522,Technology,Phones,Phones Model 6848
PROD851,Office Supplies,Pens,Pens Model 6116
PROD154,Furniture,Chairs,Chairs Model 2472
PROD954,Office Supplies,Storage,Storage Model 5911
PROD657,Furniture,Sofas,Sofas Model 3257
PROD787,Office Supplies,Pens,Pens Model 2671
PROD922,Technology,Laptops,Laptops Model 6913
PROD656,Furniture,Sofas,Sofas Model 3277
PROD861,Technology,Phones,Phones Model 3449
PROD518,Technology,Phones,Phones Model 9294
PROD215,Furniture,Tables,Tables Model 8879
PROD549,Furniture,Bookcases,Bookcases Model 3238
PROD539,Office Supplies,Paper,Paper Model 6206
PROD795,Office Supplies,Binders,Binders Model 9970
PROD702,Furniture,Tables,Tables Model 9742
PROD883,Furniture,Sofas,Sofas Model 7362
PROD138,Furniture,Bookcases,Bookcases Model 5749
PROD605,Office Supplies,Pens,Pens Model 9436
PROD730,Office Supplies,Pens,Pens Model 1766
PROD503,Technology,Accessories,Accessories Model 6303
PROD609,Furniture,Bookcases,Bookcases Model 6301
PROD782,Furniture,Sofas,Sofas Model 9941
PROD651,Office Supplies,Pens,Pens Model 5113
PROD694,Technology,Laptops,Laptops Model 3836
PROD986,Technology,Accessories,Accessories Model 4366
PROD875,Office Supplies,Storage,Storage Model 1929
PROD708,Office Supplies,Paper,Paper Model 1974
PROD866,Office Supplies,Paper,Paper Model 6265
PROD183,Office Supplies,Pens,Pens Model 2098
PROD351,Furniture,Tables,Tables Model 9125
PROD932,Furniture,Sofas,Sofas Model 6969
PROD277,Furniture,Sofas,Sofas Model 6524
PROD223,Office Supplies,Binders,Binders Model 9585
PROD212,Technology,Laptops,Laptops Model 6697
PROD426,Furniture,Bookcases,Bookcases Model 4224
PROD646,Technology,Laptops,Laptops Model 3200
PROD848,Furniture,Tables,Tables Model 5694
PROD161,Office Supplies,Storage,Storage Model 4316
PROD800,Furniture,Tables,Tables Model 4916
PROD433,Technology,Laptops,Laptops Model 6040
PROD116,Technology,Phones,Phones Model 4306
PROD570,Office Supplies,Paper,Paper Model 8543
PROD518,Furniture,Sofas,Sofas Model 6770
PROD552,Furniture,Bookcases,Bookcases Model 7125
PROD425,Technology,Accessories,Accessories Model 2999
PROD389,Furniture,Tables,Tables Model 9344
PROD116,Technology,Accessories,Accessories Model 1987
PROD806,Technology,Phones,Phones Model 6130
PROD134,Furniture,Chairs,Chairs Model 6246
PROD476,Office Supplies,Paper,Paper Model 4947
PROD429,Office Supplies,Binders,Binders Model 1772
PROD477,Furniture,Chairs,Chairs Model 5970
PROD819,Technology,Phones,Phones Model 9825
PROD325,Technology,Laptops,Laptops Model 1125
PROD178,Office Supplies,Paper,Paper Model 5229
PROD391,Technology,Laptops,Laptops Model 2924
PROD271,Technology,Printers,Printers Model 1371
PROD627,Furniture,Chairs,Chairs Model 8753
PROD410,Office Supplies,Storage,Storage Model 1299
PROD402,Office Supplies,Storage,Storage Model 1036
PROD456,Office Supplies,Pens,Pens Model 8859
PROD436,Office Supplies,Pens,Pens Model 2297
PROD671,Technology,Phones,Phones Model 3808
PROD826,Technology,Printers,Printers Model 8534
PROD940,Office Supplies,Storage,Storage Model 9653
PROD583,Office Supplies,Pens,Pens Model 5712
PROD210,Technology,Phones,Phones Model 8460
PROD913,Furniture,Bookcases,Bookcases Model 1975
PROD414,Office Supplies,Pens,Pens Model 6363
PROD329,Technology,Phones,Phones Model 4357
PROD430,Technology,Laptops,Laptops Model 6013
PROD151,Technology,Printers,Printers Model 4730
PROD439,Furniture,Sofas,Sofas Model 1323
PROD196,Office Supplies,Storage,Storage Model 5243
PROD419,Furniture,Chairs,Chairs Model 4760
PROD761,Office Supplies,Paper,Paper Model 5067
PROD415,Technology,Laptops,Laptops Model 5234
PROD720,Furniture,Chairs,Chairs Model 9284
PROD419,Technology,Printers,Printers Model 6602
PROD722,Furniture,Chairs,Chairs Model 7472
PROD673,Furniture,Bookcases,Bookcases Model 5063
PROD479,Furniture,Sofas,Sofas Model 8021
PROD275,Technology,Phones,Phones Model 1356
PROD424,Technology,Accessories,Accessories Model 9675
PROD717,Technology,Printers,Printers Model 3017
PROD248,Technology,Printers,Printers Model 8078
PROD272,Office Supplies,Binders,Binders Model 6822
PROD654,Furniture,Sofas,Sofas Model 9861
PROD873,Technology,Laptops,Laptops Model 9051
PROD385,Office Supplies,Pens,Pens Model 8826
PROD544,Furniture,Tables,Tables Model 2774
PROD451,Office Supplies,Paper,Paper Model 8725
PROD591,Furniture,Chairs,Chairs Model 3452
PROD725,Technology,Laptops,Laptops Model 9854
PROD738,Office Supplies,Pens,Pens Model 3809
PROD156,Technology,Accessories,Accessories Model 4364
PROD480,Office Supplies,Storage,Storage Model 7040
PROD434,Furniture,Sofas,Sofas Model 9926
PROD659,Technology,Laptops,Laptops Model 2634
PROD548,Technology,Printers,Printers Model 6019
PROD916,Furniture,Tables,Tables Model 7412
PROD695,Furniture,Bookcases,Bookcases Model 8977
PROD844,Furniture,Tables,Tables Model 8788
PROD677,Office Supplies,Paper,Paper Model 3861
PROD781,Furniture,Bookcases,Bookcases Model 4361
PROD792,Technology,Accessories,Accessories Model 5483
PROD336,Furniture,Chairs,Chairs Model 7419
PROD733,Technology,Accessories,Accessories Model 9828
PROD712,Technology,Laptops,Laptops Model 4236
PROD112,Technology,Printers,Printers Model 8698
PROD758,Furniture,Bookcases,Bookcases Model 5623
PROD670,Office Supplies,Pens,Pens Model 2174
PROD493,Furniture,Bookcases,Bookcases Model 7583
PROD591,Furniture,Tables,Tables Model 8616
PROD312,Technology,Accessories,Accessories Model 8719
PROD999,Office Supplies,Storage,Storage Model 2838
PROD400,Office Supplies,Storage,Storage Model 9593
PROD545,Technology,Laptops,Laptops Model 6097
PROD937,Office Supplies,Paper,Paper Model 6651
PROD496,Technology,Printers,Printers Model 2055
PROD833,Technology,Accessories,Accessories Model 1891
PROD920,Office Supplies,Storage,Storage Model 9472
PROD193,Furniture,Sofas,Sofas Model 2442
PROD229,Furniture,Sofas,Sofas Model 1214
PROD162,Technology,Laptops,Laptops Model 2966
PROD452,Furniture,Sofas,Sofas Model 2898
PROD265,Office Supplies,Storage,Storage Model 7435
PROD453,Technology,Laptops,Laptops Model 3993
PROD238,Technology,Printers,Printers Model 6743
PROD503,Technology,Phones,Phones Model 3378
PROD358,Office Supplies,Pens,Pens Model 7578
PROD697,Furniture,Tables,Tables Model 6908
PROD985,Furniture,Tables,Tables Model 9537
PROD118,Technology,Accessories,Accessories Model 1841
PROD145,Technology,Printers,Printers Model 2096
PROD495,Technology,Printers,Printers Model 4373
PROD220,Furniture,Sofas,Sofas Model 5587
PROD241,Technology,Printers,Printers Model 3175
PROD615,Furniture,Bookcases,Bookcases Model 9878
PROD877,Technology,Laptops,Laptops Model 9002
PROD663,Technology,Laptops,Laptops Model 1091
PROD517,Technology,Accessories,Accessories Model 7131
PROD773,Technology,Phones,Phones Model 5112
PROD714,Furniture,Chairs,Chairs Model 2223
PROD461,Office Supplies,Storage,Storage Model 4628
PROD564,Furniture,Chairs,Chairs Model 3856
PROD590,Technology,Accessories,Accessories Model 1780
PROD224,Technology,Printers,Printers Model 5126
PROD831,Technology,Laptops,Laptops Model 4978
PROD383,Technology,Laptops,Laptops Model 2930
PROD848,Office Supplies,Pens,Pens Model 8109
PROD970,Technology,Printers,Printers Model 4093
PROD786,Furniture,Chairs,Chairs Model 7251
PROD919,Technology,Phones,Phones Model 6069
PROD516,Office Supplies,Paper,Paper Model 5516
PROD905,Furniture,Chairs,Chairs Model 5708
PROD759,Furniture,Chairs,Chairs Model 2661
PROD901,Office Supplies,Pens,Pens Model 1909
PROD811,Office Supplies,Pens,Pens Model 3595
PROD286,Technology,Accessories,Accessories Model 4052
PROD340,Office Supplies,Binders,Binders Model 2783
PROD985,Office Supplies,Pens,Pens Model 3542
PROD610,Office Supplies,Paper,Paper Model 3600
PROD995,Furniture,Bookcases,Bookcases Model 6826
PROD714,Furniture,Sofas,Sofas Model 6552
PROD474,Office Supplies,Pens,Pens Model 4809
PROD547,Technology,Accessories,Accessories Model 9815
PROD103,Technology,Printers,Printers Model 1946
PROD353,Furniture,Bookcases,Bookcases Model 3547
PROD375,Furniture,Tables,Tables Model 4979
PROD331,Office Supplies,Paper,Paper Model 4337
PROD230,Technology,Accessories,Accessories Model 7763
PROD896,Furniture,Tables,Tables Model 1290
PROD833,Technology,Accessories,Accessories Model 6960
PROD211,Office Supplies,Binders,Binders Model 7945
PROD415,Technology,Printers,Printers Model 9657
PROD308,Office Supplies,Pens,Pens Model 5270
PROD202,Furniture,Chairs,Chairs Model 9929
PROD930,Technology,Printers,Printers Model 8359
PROD848,Furniture,Bookcases,Bookcases Model 9300
PROD816,Office Supplies,Pens,Pens Model 8889
PROD626,Furniture,Tables,Tables Model 1748
PROD259,Office Supplies,Paper,Paper Model 4878
PROD126,Office Supplies,Paper,Paper Model 1297
PROD219,Technology,Printers,Printers Model 5707
PROD699,Office Supplies,Storage,Storage Model 7111
PROD297,Furniture,Sofas,Sofas Model 2362
PROD351,Office Supplies,Paper,Paper Model 7691
PROD602,Office Supplies,Binders,Binders Model 8133
PROD567,Technology,Laptops,Laptops Model 7763
PROD129,Office Supplies,Storage,Storage Model 3979
PROD786,Office Supplies,Pens,Pens Model 9681
PROD296,Technology,Laptops,Laptops Model 4089
PROD596,Technology,Laptops,Laptops Model 3693
PROD369,Technology,Laptops,Laptops Model 1519
PROD807,Office Supplies,Pens,Pens Model 8093
PROD932,Furniture,Sofas,Sofas Model 3035
PROD194,Technology,Phones,Phones Model 4134
PROD398,Office Supplies,Paper,Paper Model 1048
PROD402,Technology,Phones,Phones Model 1387
PROD999,Furniture,Bookcases,Bookcases Model 2841
PROD380,Furniture,Bookcases,Bookcases Model 1308
PROD882,Furniture,Bookcases,Bookcases Model 2535
PROD564,Office Supplies,Binders,Binders Model 8987
PROD731,Furniture,Bookcases,Bookcases Model 6674
PROD199,Office Supplies,Storage,Storage Model 6984
PROD175,Furniture,Chairs,Chairs Model 6646
PROD948,Office Supplies,Binders,Binders Model 3349
PROD867,Office Supplies,Pens,Pens Model 6020
PROD483,Technology,Printers,Printers Model 8902
PROD882,Technology,Accessories,Accessories Model 3879
PROD738,Technology,Printers,Printers Model 7168
PROD458,Office Supplies,Storage,Storage Model 4395
PROD729,Technology,Laptops,Laptops Model 5060
PROD600,Furniture,Bookcases,Bookcases Model 2884
PROD796,Technology,Accessories,Accessories Model 4660
PROD103,Office Supplies,Storage,Storage Model 8970
PROD220,Technology,Laptops,Laptops Model 9731
PROD206,Technology,Phones,Phones Model 7063
PROD291,Office Supplies,Storage,Storage Model 7875
PROD268,Office Supplies,Binders,Binders Model 4787
PROD655,Technology,Accessories,Accessories Model 5846
PROD922,Technology,Phones,Phones Model 6330
PROD586,Furniture,Tables,Tables Model 4137
PROD643,Office Supplies,Pens,Pens Model 6733
PROD308,Furniture,Bookcases,Bookcases Model 1972
PROD529,Office Supplies,Storage,Storage Model 5839
PROD125,Technology,Laptops,Laptops Model 5749
PROD531,Furniture,Bookcases,Bookcases Model 6255
PROD854,Technology,Printers,Printers Model 3448
PROD821,Office Supplies,Binders,Binders Model 8410
PROD746,Furniture,Bookcases,Bookcases Model 9223
PROD161,Technology,Accessories,Accessories Model 2992
PROD103,Office Supplies,Pens,Pens Model 5326
PROD774,Office Supplies,Binders,Binders Model 2283
PROD415,Furniture,Chairs,Chairs Model 1934
PROD337,Office Supplies,Binders,Binders Model 9907
PROD238,Furniture,Bookcases,Bookcases Model 1916
PROD816,Office Supplies,Storage,Storage Model 8129
PROD284,Technology,Accessories,Accessories Model 3465
PROD865,Technology,Laptops,Laptops Model 1082
PROD465,Office Supplies,Paper,Paper Model 8711
PROD250,Furniture,Sofas,Sofas Model 4969
PROD776,Technology,Laptops,Laptops Model 9435
PROD470,Office Supplies,Paper,Paper Model 7140
PROD672,Furniture,Tables,Tables Model 4694
PROD870,Office Supplies,Storage,Storage Model 6879
PROD720,Technology,Accessories,Accessories Model 5742
PROD597,Furniture,Sofas,Sofas Model 8711
PROD876,Technology,Printers,Printers Model 9847
PROD471,Technology,Laptops,Laptops Model 3119
PROD313,Technology,Printers,Printers Model 4945
PROD563,Office Supplies,Binders,Binders Model 5293
PROD867,Furniture,Bookcases,Bookcases Model 6805
PROD211,Office Supplies,Binders,Binders Model 9416
PROD283,Technology,Accessories,Accessories Model 3521
PROD378,Office Supplies,Storage,Storage Model 2751
PROD558,Furniture,Chairs,Chairs Model 6215
PROD168,Furniture,Chairs,Chairs Model 2962
PROD742,Technology,Printers,Printers Model 5577
PROD739,Office Supplies,Paper,Paper Model 8231
PROD541,Furniture,Sofas,Sofas Model 3815
PROD287,Office Supplies,Binders,Binders Model 9108
PROD415,Office Supplies,Storage,Storage Model 2997
PROD234,Furniture,Chairs,Chairs Model 5449
PROD326,Furniture,Chairs,Chairs Model 9747
PROD736,Furniture,Tables,Tables Model 8048
PROD660,Office Supplies,Storage,Storage Model 3208
PROD914,Furniture,Sofas,Sofas Model 5245
PROD482,Technology,Printers,Printers Model 4548
PROD731,Furniture,Tables,Tables Model 9444
PROD137,Technology,Phones,Phones Model 9809
PROD960,Furniture,Sofas,Sofas Model 2187
PROD271,Technology,Phones,Phones Model 4798
PROD269,Furniture,Sofas,Sofas Model 2110
PROD739,Furniture,Chairs,Chairs Model 1740
PROD535,Office Supplies,Pens,Pens Model 8871
PROD655,Technology,Accessories,Accessories Model 1737
PROD211,Technology,Accessories,Accessories Model 5383
PROD742,Office Supplies,Pens,Pens Model 9599
PROD594,Technology,Printers,Printers Model 3339
PROD692,Technology,Printers,Printers Model 2107
PROD839,Technology,Printers,Printers Model 7569
PROD101,Office Supplies,Pens,Pens Model 3504
PROD366,Furniture,Sofas,Sofas Model 9367
PROD899,Office Supplies,Storage,Storage Model 5656
PROD508,Technology,Phones,Phones Model 3476
PROD737,Office Supplies,Storage,Storage Model 5702
PROD924,Furniture,Sofas,Sofas Model 5117
PROD580,Office Supplies,Pens,Pens Model 6410
PROD486,Office Supplies,Paper,Paper Model 1549
PROD517,Technology,Printers,Printers Model 9212
PROD785,Technology,Printers,Printers Model 6027
PROD342,Furniture,Tables,Tables Model 7491
PROD160,Technology,Accessories,Accessories Model 5773
PROD389,Technology,Accessories,Accessories Model 3302
PROD516,Office Supplies,Storage,Storage Model 7336
PROD474,Technology,Laptops,Laptops Model 5461
PROD948,Office Supplies,Binders,Binders Model 8993
PROD914,Furniture,Chairs,Chairs Model 6509
PROD864,Furniture,Chairs,Chairs Model 6938
PROD720,Furniture,Chairs,Chairs Model 6218
PROD863,Office Supplies,Pens,Pens Model 9070
PROD986,Office Supplies,Pens,Pens Model 4091
PROD743,Technology,Laptops,Laptops Model 7024
PROD365,Furniture,Sofas,Sofas Model 1781
PROD993,Office Supplies,Storage,Storage Model 4302
PROD567,Office Supplies,Binders,Binders Model 9015
PROD750,Furniture,Chairs,Chairs Model 2433
PROD923,Office Supplies,Storage,Storage Model 2810
PROD235,Technology,Accessories,Accessories Model 9837
PROD820,Technology,Accessories,Accessories Model 7952
PROD963,Technology,Phones,Phones Model 6964
PROD207,Office Supplies,Paper,Paper Model 6241
PROD598,Technology,Printers,Printers Model 6516
PROD788,Furniture,Chairs,Chairs Model 2538
PROD630,Office Supplies,Storage,Storage Model 8046
PROD882,Technology,Phones,Phones Model 6454
PROD200,Furniture,Tables,Tables Model 8750
PROD263,Technology,Laptops,Laptops Model 7000
PROD154,Furniture,Chairs,Chairs Model 9107
PROD425,Office Supplies,Paper,Paper Model 3817
PROD344,Technology,Laptops,Laptops Model 9634
PROD929,Furniture,Tables,Tables Model 4970
PROD631,Office Supplies,Paper,Paper Model 9437
PROD179,Technology,Accessories,Accessories Model 3683
PROD526,Technology,Phones,Phones Model 5876
PROD169,Technology,Phones,Phones Model 8048
PROD631,Furniture,Bookcases,Bookcases Model 9060
PROD137,Furniture,Tables,Tables Model 9607
PROD681,Furniture,Tables,Tables Model 3719
PROD415,Technology,Accessories,Accessories Model 4655
PROD789,Technology,Laptops,Laptops Model 4483
PROD350,Office Supplies,Storage,Storage Model 8547
PROD118,Furniture,Sofas,Sofas Model 7322
PROD322,Technology,Laptops,Laptops Model 5544
PROD215,Office Supplies,Paper,Paper Model 4812
PROD667,Office Supplies,Pens,Pens Model 6559
PROD198,Office Supplies,Pens,Pens Model 8407
PROD207,Furniture,Sofas,Sofas Model 7065
PROD137,Technology,Printers,Printers Model 5472
PROD829,Technology,Printers,Printers Model 4524
PROD820,Technology,Phones,Phones Model 2149
PROD923,Furniture,Chairs,Chairs Model 2433
PROD112,Technology,Phones,Phones Model 8502
PROD322,Technology,Accessories,Accessories Model 3865
PROD805,Office Supplies,Paper,Paper Model 3356
PROD204,Technology,Printers,Printers Model 6722
PROD945,Office Supplies,Pens,Pens Model 7366
PROD910,Technology,Laptops,Laptops Model 3085
PROD799,Technology,Phones,Phones Model 6371
PROD941,Technology,Printers,Printers Model 8875
PROD890,Office Supplies,Binders,Binders Model 5902
PROD197,Furniture,Chairs,Chairs Model 7511
PROD574,Technology,Printers,Printers Model 9294
PROD854,Technology,Accessories,Accessories Model 2115
PROD919,Office Supplies,Pens,Pens Model 2513
PROD967,Technology,Phones,Phones Model 3948
PROD864,Office Supplies,Pens,Pens Model 1505
PROD433,Furniture,Chairs,Chairs Model 1755
PROD717,Technology,Printers,Printers Model 9503
PROD678,Furniture,Sofas,Sofas Model 9622
PROD606,Furniture,Tables,Tables Model 6919
PROD782,Furniture,Bookcases,Bookcases Model 3978
PROD815,Technology,Accessories,Accessories Model 9217
PROD882,Technology,Accessories,Accessories Model 6414
PROD773,Technology,Printers,Printers Model 6117
PROD512,Technology,Laptops,Laptops Model 9237
PROD956,Furniture,Chairs,Chairs Model 1796
PROD172,Technology,Phones,Phones Model 7482
PROD562,Office Supplies,Paper,Paper Model 6613
PROD724,Office Supplies,Pens,Pens Model 6736
PROD652,Furniture,Bookcases,Bookcases Model 8611
PROD700,Office Supplies,Binders,Binders Model 2668
PROD619,Office Supplies,Storage,Storage Model 6534
PROD647,Technology,Accessories,Accessories Model 2683
PROD773,Office Supplies,Storage,Storage Model 3520
PROD293,Technology,Laptops,Laptops Model 2460
PROD295,Technology,Printers,Printers Model 8308
PROD903,Furniture,Sofas,Sofas Model 9975
PROD213,Furniture,Tables,Tables Model 1602
PROD718,Office Supplies,Paper,Paper Model 4082
PROD546,Technology,Printers,Printers Model 1097
PROD761,Technology,Laptops,Laptops Model 8969
PROD152,Office Supplies,Pens,Pens Model 6774
PROD241,Office Supplies,Storage,Storage Model 1514
PROD233,Office Supplies,Storage,Storage Model 5870
PROD658,Office Supplies,Paper,Paper Model 6978
PROD757,Furniture,Tables,Tables Model 2841
PROD184,Furniture,Tables,Tables Model 3425
PROD946,Furniture,Chairs,Chairs Model 5906
PROD886,Technology,Phones,Phones Model 4802
PROD338,Furniture,Chairs,Chairs Model 3920
PROD251,Technology,Printers,Printers Model 4743
PROD390,Furniture,Tables,Tables Model 5193
PROD502,Furniture,Chairs,Chairs Model 5274
PROD673,Office Supplies,Binders,Binders Model 2828
PROD383,Furniture,Tables,Tables Model 6384
PROD695,Furniture,Tables,Tables Model 4777
PROD850,Office Supplies,Binders,Binders Model 5587
PROD460,Technology,Accessories,Accessories Model 1072
PROD599,Furniture,Tables,Tables Model 8717
PROD318,Office Supplies,Storage,Storage Model 9874
PROD968,Technology,Laptops,Laptops Model 7505
PROD825,Technology,Printers,Printers Model 4979
PROD549,Technology,Laptops,Laptops Model 2480
PROD781,Furniture,Sofas,Sofas Model 8053
PROD625,Furniture,Sofas,Sofas Model 7271
PROD554,Technology,Accessories,Accessories Model 3638
PROD420,Office Supplies,Pens,Pens Model 1529
PROD409,Technology,Laptops,Laptops Model 1750
PROD926,Technology,Laptops,Laptops Model 4856
PROD150,Office Supplies,Pens,Pens Model 4536
PROD991,Office Supplies,Storage,Storage Model 3944
PROD944,Technology,Laptops,Laptops Model 3393
PROD263,Furniture,Bookcases,Bookcases Model 4646
PROD394,Furniture,Sofas,Sofas Model 2704
PROD748,Technology,Accessories,Accessories Model 5294
PROD605,Furniture,Tables,Tables Model 3952
PROD705,Furniture,Bookcases,Bookcases Model 8015
PROD244,Furniture,Tables,Tables Model 1599
PROD866,Technology,Phones,Phones Model 2868
PROD104,Technology,Laptops,Laptops Model 2275
PROD330,Technology,Accessories,Accessories Model 8172
PROD720,Technology,Printers,Printers Model 5207
PROD956,Furniture,Tables,Tables Model 9050
PROD781,Technology,Accessories,Accessories Model 4482
PROD743,Furniture,Bookcases,Bookcases Model 7732
PROD866,Office Supplies,Binders,Binders Model 6220
PROD654,Office Supplies,Storage,Storage Model 7935
PROD615,Technology,Laptops,Laptops Model 9489
PROD395,Technology,Printers,Printers Model 4193
PROD993,Technology,Printers,Printers Model 1398
PROD114,Technology,Phones,Phones Model 8023
PROD108,Technology,Laptops,Laptops Model 5422
PROD649,Office Supplies,Paper,Paper Model 6338
PROD631,Furniture,Chairs,Chairs Model 9479
PROD418,Furniture,Bookcases,Bookcases Model 6943
PROD625,Office Supplies,Paper,Paper Model 9352
PROD853,Office Supplies,Paper,Paper Model 6890
PROD419,Technology,Laptops,Laptops Model 6208
PROD521,Technology,Accessories,Accessories Model 4481
PROD740,Office Supplies,Pens,Pens Model 4103
PROD461,Technology,Printers,Printers Model 4253
PROD276,Technology,Printers,Printers Model 8022
PROD578,Technology,Accessories,Accessories Model 3046
PROD903,Furniture,Chairs,Chairs Model 8836
PROD776,Furniture,Chairs,Chairs Model 9378
PROD315,Office Supplies,Paper,Paper Model 8931
PROD699,Furniture,Bookcases,Bookcases Model 8818
PROD421,Office Supplies,Storage,Storage Model 9702
PROD217,Office Supplies,Binders,Binders Model 3413
PROD648,Technology,Printers,Printers Model 2460
PROD942,Furniture,Sofas,Sofas Model 2508
PROD163,Office Supplies,Pens,Pens Model 1544
PROD726,Office Supplies,Binders,Binders Model 7999
PROD334,Furniture,Chairs,Chairs Model 6560
PROD327,Office Supplies,Paper,Paper Model 2287
PROD216,Technology,Printers,Printers Model 2893
PROD476,Technology,Laptops,Laptops Model 8255
PROD456,Furniture,Tables,Tables Model 3979
PROD417,Technology,Printers,Printers Model 9140
PROD126,Office Supplies,Pens,Pens Model 5665
PROD481,Technology,Phones,Phones Model 4404
PROD158,Office Supplies,Binders,Binders Model 7473
PROD418,Office Supplies,Storage,Storage Model 6914
PROD776,Furniture,Bookcases,Bookcases Model 5050
PROD511,Office Supplies,Binders,Binders Model 4629
PROD382,Office Supplies,Binders,Binders Model 8188
PROD256,Furniture,Tables,Tables Model 5751
PROD506,Furniture,Sofas,Sofas Model 7428
PROD596,Technology,Printers,Printers Model 1860
PROD983,Office Supplies,Binders,Binders Model 3179
PROD299,Furniture,Tables,Tables Model 3679
PROD791,Office Supplies,Binders,Binders Model 5027
PROD244,Technology,Phones,Phones Model 8184
PROD844,Technology,Printers,Printers Model 4783
PROD353,Office Supplies,Binders,Binders Model 5595
PROD800,Technology,Accessories,Accessories Model 1842
PROD769,Furniture,Tables,Tables Model 6953
PROD417,Furniture,Chairs,Chairs Model 7755
PROD808,Technology,Printers,Printers Model 8053
PROD631,Technology,Printers,Printers Model 8423
PROD943,Furniture,Chairs,Chairs Model 1439
PROD610,Technology,Printers,Printers Model 7106
PROD296,Office Supplies,Paper,Paper Model 1532
PROD710,Furniture,Sofas,Sofas Model 7236
PROD494,Office Supplies,Storage,Storage Model 3716
PROD323,Furniture,Sofas,Sofas Model 8316
PROD205,Furniture,Chairs,Chairs Model 9727
PROD226,Office Supplies,Storage,Storage Model 7169
PROD107,Technology,Printers,Printers Model 4733
PROD695,Technology,Laptops,Laptops Model 4866
PROD566,Furniture,Bookcases,Bookcases Model 5462
PROD880,Office Supplies,Storage,Storage Model 1653
PROD201,Technology,Accessories,Accessories Model 7249
PROD226,Furniture,Chairs,Chairs Model 1281
PROD300,Technology,Laptops,Laptops Model 7568
PROD396,Furniture,Chairs,Chairs Model 1546
PROD949,Furniture,Bookcases,Bookcases Model 9359
PROD730,Office Supplies,Storage,Storage Model 3834
PROD145,Technology,Accessories,Accessories Model 6425
PROD373,Office Supplies,Binders,Binders Model 2908
PROD577,Office Supplies,Pens,Pens Model 1931
PROD252,Furniture,Tables,Tables Model 4958
PROD271,Office Supplies,Pens,Pens Model 2595
PROD903,Office Supplies,Storage,Storage Model 9249
PROD406,Technology,Phones,Phones Model 7913
PROD324,Technology,Printers,Printers Model 7625
PROD812,Furniture,Bookcases,Bookcases Model 5101
PROD975,Technology,Printers,Printers Model 4481
PROD919,Furniture,Sofas,Sofas Model 2761
PROD438,Technology,Accessories,Accessories Model 5498
PROD566,Office Supplies,Storage,Storage Model 4338
PROD529,Technology,Laptops,Laptops Model 2351
PROD913,Technology,Accessories,Accessories Model 4100
PROD526,Office Supplies,Binders,Binders Model 7620
PROD552,Furniture,Tables,Tables Model 7209
PROD166,Furniture,Sofas,Sofas Model 2660
PROD296,Technology,Phones,Phones Model 6569
PROD452,Furniture,Sofas,Sofas Model 9612
PROD532,Technology,Laptops,Laptops Model 6146
PROD434,Office Supplies,Pens,Pens Model 5038
PROD426,Office Supplies,Paper,Paper Model 6269
PROD368,Furniture,Chairs,Chairs Model 5874
PROD497,Office Supplies,Binders,Binders Model 2126
PROD836,Office Supplies,Pens,Pens Model 1505
PROD483,Technology,Printers,Printers Model 4635
PROD960,Technology,Laptops,Laptops Model 2532
PROD683,Office Supplies,Paper,Paper Model 2734
PROD584,Technology,Accessories,Accessories Model 7200
PROD151,Furniture,Bookcases,Bookcases Model 8840
PROD618,Furniture,Sofas,Sofas Model 9511
PROD528,Office Supplies,Storage,Storage Model 7551
PROD723,Office Supplies,Paper,Paper Model 2584
PROD462,Furniture,Bookcases,Bookcases Model 9045
PROD425,Office Supplies,Pens,Pens Model 2608
PROD748,Office Supplies,Paper,Paper Model 9859
PROD677,Furniture,Bookcases,Bookcases Model 8632
PROD824,Technology,Laptops,Laptops Model 8345
PROD143,Furniture,Tables,Tables Model 6352
PROD978,Office Supplies,Storage,Storage Model 3361
PROD155,Office Supplies,Storage,Storage Model 3124
PROD984,Technology,Laptops,Laptops Model 3574
PROD264,Office Supplies,Binders,Binders Model 6796
PROD187,Office Supplies,Pens,Pens Model 9963
PROD306,Office Supplies,Paper,Paper Model 9553
PROD144,Furniture,Sofas,Sofas Model 3547
PROD644,Furniture,Sofas,Sofas Model 5714
PROD179,Furniture,Chairs,Chairs Model 4420
PROD283,Office Supplies,Storage,Storage Model 8982
PROD569,Technology,Laptops,Laptops Model 9042
PROD320,Technology,Printers,Printers Model 8291
PROD217,Office Supplies,Binders,Binders Model 1698
PROD908,Technology,Laptops,Laptops Model 7281
PROD789,Office Supplies,Storage,Storage Model 6986
PROD448,Technology,Printers,Printers Model 3891
PROD421,Office Supplies,Pens,Pens Model 5110
PROD243,Technology,Printers,Printers Model 5429
PROD583,Furniture,Bookcases,Bookcases Model 7757
PROD406,Office Supplies,Binders,Binders Model 2728
PROD300,Technology,Accessories,Accessories Model 3451
PROD908,Office Supplies,Pens,Pens Model 5992
PROD890,Technology,Accessories,Accessories Model 2170
PROD977,Office Supplies,Paper,Paper Model 7739
PROD760,Furniture,Tables,Tables Model 7889
PROD828,Furniture,Tables,Tables Model 2158
PROD238,Technology,Phones,Phones Model 2967
PROD140,Technology,Accessories,Accessories Model 5972
PROD351,Furniture,Chairs,Chairs Model 8635
PROD627,Office Supplies,Paper,Paper Model 9031
PROD109,Office Supplies,Pens,Pens Model 9701
PROD964,Office Supplies,Paper,Paper Model 5225
PROD196,Technology,Laptops,Laptops Model 6975
PROD869,Furniture,Sofas,Sofas Model 6320
